"","taxon","lfc_(Intercept)","lfc_Wheezing.treatmentYes","lfc_Respiratory.syncytial.virusYes","lfc_Family.history.atopyNo","lfc_Family.history.atopyYes","lfc_BreastfeedingYes","lfc_Cesarean.sectionNo","lfc_Cesarean.sectionYes","lfc_Age_olderYes","se_(Intercept)","se_Wheezing.treatmentYes","se_Respiratory.syncytial.virusYes","se_Family.history.atopyNo","se_Family.history.atopyYes","se_BreastfeedingYes","se_Cesarean.sectionNo","se_Cesarean.sectionYes","se_Age_olderYes","W_(Intercept)","W_Wheezing.treatmentYes","W_Respiratory.syncytial.virusYes","W_Family.history.atopyNo","W_Family.history.atopyYes","W_BreastfeedingYes","W_Cesarean.sectionNo","W_Cesarean.sectionYes","W_Age_olderYes","p_(Intercept)","p_Wheezing.treatmentYes","p_Respiratory.syncytial.virusYes","p_Family.history.atopyNo","p_Family.history.atopyYes","p_BreastfeedingYes","p_Cesarean.sectionNo","p_Cesarean.sectionYes","p_Age_olderYes","q_(Intercept)","q_Wheezing.treatmentYes","q_Respiratory.syncytial.virusYes","q_Family.history.atopyNo","q_Family.history.atopyYes","q_BreastfeedingYes","q_Cesarean.sectionNo","q_Cesarean.sectionYes","q_Age_olderYes","diff_(Intercept)","diff_Wheezing.treatmentYes","diff_Respiratory.syncytial.virusYes","diff_Family.history.atopyNo","diff_Family.history.atopyYes","diff_BreastfeedingYes","diff_Cesarean.sectionNo","diff_Cesarean.sectionYes","diff_Age_olderYes","passed_ss_(Intercept)","passed_ss_Wheezing.treatmentYes","passed_ss_Respiratory.syncytial.virusYes","passed_ss_Family.history.atopyNo","passed_ss_Family.history.atopyYes","passed_ss_BreastfeedingYes","passed_ss_Cesarean.sectionNo","passed_ss_Cesarean.sectionYes","passed_ss_Age_olderYes"
"1","Genus:Moraxella",0.263410147837164,0.733218109035341,-0.520580360579871,-0.0445094713127434,0.784840481863622,-0.0533284217718916,-1.48691702032513,-2.27663172155638,0.74168370538448,4.39298712537505,0.655372605777175,0.796498096592833,2.27392815746114,2.22676764665683,0.891867161540009,2.33196856121344,2.61143781257438,0.753760826962245,0.05996151145439,1.11878052663775,-0.653586446479595,-0.0195738247783688,0.352457286256132,-0.0597941308656416,-0.637623098808591,-0.871792431967604,0.98397751495466,0.952385563841946,0.267692943113183,0.515875337262645,0.984448292206969,0.725730430720895,0.952518316789829,0.526144934763772,0.386796824925082,0.32907789101885,1,1,1,1,1,1,1,1,1,FALSE,FALSE,FALSE,FALSE,FALSE,FALSE,FALSE,FALSE,FALSE,TRUE,FALSE,TRUE,TRUE,TRUE,TRUE,TRUE,TRUE,TRUE
"2","Genus:Haemophilus",7.81434658300107,1.82952403032675,-2.46167484467175,-2.91910296739971,-2.23212869864656,0.835873252458369,-5.70056380152549,-5.85521991256439,-1.32338771227949,3.9707590562788,0.665240097327095,0.707922450519012,2.02337724108982,2.02196466407846,1.13307600685161,2.2650376113678,2.33467881202379,0.923059793194695,1.96797299263086,2.75017100995219,-3.477322753173,-1.4426884458913,-1.10394050811164,0.737702720209341,-2.51676341837125,-2.50793380331784,-1.43369662727835,0.0532117835327404,0.00765113844038328,0.000894130361891541,0.153767152677851,0.273568015861548,0.463271022848662,0.0142439153025053,0.0145726760832919,0.156309372248044,1,0.48967286018453,0.076001080760781,1,1,1,1,1,1,FALSE,FALSE,FALSE,FALSE,FALSE,FALSE,FALSE,FALSE,FALSE,TRUE,FALSE,FALSE,TRUE,TRUE,TRUE,TRUE,TRUE,TRUE
"3","Genus:Bifidobacterium",-3.96781791977745,-0.608192309112363,1.02330524747577,1.58031517303714,2.14560946037679,0.721074693608808,0.530338920983085,0.360838123350058,-0.830590319310162,5.21825180188887,0.246349384715015,0.352412719328218,2.60434057369707,2.6050180691305,0.272570996564922,2.6471132999655,2.82548978628729,0.386260808744673,-0.760373027292627,-2.46882008581406,2.90371258286714,0.60680050412675,0.823644751567096,2.645456423083,0.200346135917188,0.127708167660447,-2.1503354741309,0.451180977061261,0.0176067483865471,0.00579954477803246,0.547174040064424,0.414686455537281,0.0113477069287445,0.842154445828394,0.898975314010688,0.037194268387571,1,1,0.429166313574402,1,1,0.771644071154624,1,1,1,FALSE,FALSE,FALSE,FALSE,FALSE,FALSE,FALSE,FALSE,FALSE,TRUE,TRUE,TRUE,TRUE,TRUE,TRUE,TRUE,TRUE,TRUE
"4","Genus:Burkholderia-Caballeronia-Paraburkholderia",-2.95172460043565,-1.60721151198586,0.85516216610879,0.743639799707567,0.775873033611671,0.192404506749152,1.63827357311851,1.69783234735871,-0.383565107728873,3.46978818473002,0.444501293224643,0.525526430640223,1.82908095032572,1.78705795439165,0.709990368676181,1.95840221044572,2.10968960918999,0.544017480430011,-0.850693023114703,-3.61576341055459,1.62724863346452,0.406564728354499,0.434162211530399,0.270995939153234,0.83653580678182,0.804778266889503,-0.705060262816719,0.397799764026276,0.000556237380111503,0.108114531813652,0.685550648442539,0.665487189546948,0.787180464417915,0.405660277590004,0.423634390879022,0.483079375826227,1,0.0389366166078052,1,1,1,1,1,1,1,FALSE,TRUE,FALSE,FALSE,FALSE,FALSE,FALSE,FALSE,FALSE,TRUE,TRUE,TRUE,TRUE,TRUE,TRUE,TRUE,TRUE,TRUE
"5","Genus:Streptococcus",1.16883939875602,0.050166420127479,-0.890812820598127,-2.46830614167643,-2.14826879767666,0.930240343574614,0.58526949987547,-0.770526890495583,0.128523462024772,3.45712042128256,0.457024352654227,0.541546662744643,1.80438605615529,1.79406479127806,0.851384235035598,2.02806896237728,2.15743820739792,0.636139171746008,0.338096235109563,0.10976749890051,-1.64494194476862,-1.36794791405992,-1.19743100032985,1.09262105791249,0.2885846145929,-0.357148996366813,0.202036704754424,0.736288358434295,0.9129034349109,0.104402419606776,0.175642448311939,0.235121132122034,0.278253763583612,0.773740130518648,0.722039644761291,0.840465809337029,1,1,1,1,1,1,1,1,1,FALSE,FALSE,FALSE,FALSE,FALSE,FALSE,FALSE,FALSE,FALSE,TRUE,TRUE,TRUE,TRUE,TRUE,TRUE,TRUE,TRUE,TRUE
"6","Genus:Escherichia-Shigella",-0.260187599877906,-0.637516873423797,-1.08205817366893,0,0.198150320335987,0.377125444926077,0.622745301859342,0.418479866188295,-0.853983662139414,5.87469351240393,0.172064087189145,0.352615165135489,2.91613703804027,2.919444536513,0.226388903058616,2.96884216003461,3.1711169195097,0.346696298125594,-0.044289561545388,-3.70511292529621,-3.0686660151249,0,0.0678726099632156,1.66583008191189,0.209760326851489,0.131966079085157,-2.46320386677463,0.964967083162694,0.000852754805972008,0.00453148101316774,1,0.946337398009206,0.106157183245639,0.83527276279614,0.895892228528363,0.0197276573278242,1,0.0579873268060965,0.344392557000749,1,1,1,1,1,1,FALSE,FALSE,FALSE,FALSE,FALSE,FALSE,FALSE,FALSE,FALSE,TRUE,TRUE,TRUE,TRUE,TRUE,TRUE,TRUE,TRUE,TRUE
"7","Genus:[Ruminococcus]_gnavus_group",NA,NA,NA,NA,NA,NA,NA,NA,NA,NA,NA,NA,NA,NA,NA,NA,NA,NA,NA,NA,NA,NA,NA,NA,NA,NA,NA,1,1,1,1,1,1,1,1,1,1,1,1,1,1,1,1,1,1,FALSE,FALSE,FALSE,FALSE,FALSE,FALSE,FALSE,FALSE,FALSE,TRUE,TRUE,TRUE,TRUE,TRUE,TRUE,TRUE,TRUE,TRUE
"8","Genus:Collinsella",-1.59447064780575,-0.380794189902427,0.670886904442137,0,-0.32622260051861,1.2587161629247,0,0.0399665030202543,-1.11862929368723,6.41156287316157,0.122988387465502,0.2361377988894,3.16938822821797,3.18180986598267,0.141317492713637,3.22954233063319,3.4448723670871,0.311520301387071,-0.248686736658251,-3.09618003577159,2.84108223078831,0,-0.102527370980371,8.90700888300739,0,0.0116017369473833,-3.59087124886062,0.806418415136339,0.00623116309342401,0.0108376353407544,1,0.919471669408775,5.13935438325362e-08,1,0.990870983006374,0.00208919321696288,1,0.40502560107256,0.736959203171302,1,1,5.29353501475123e-06,1,1,0.183849003092734,FALSE,FALSE,FALSE,FALSE,FALSE,TRUE,FALSE,FALSE,FALSE,TRUE,TRUE,TRUE,TRUE,TRUE,FALSE,TRUE,TRUE,TRUE
"9","Genus:Staphylococcus",-3.22290420615979,-0.764711963177505,1.18493168033104,0,0.483946085794863,1.89585318946638,0,-0.121733439116688,0.0661919319644762,5.22817230531826,0.52192627541481,0.63866499337859,2.59232144969794,2.60414224446357,0.657623271579292,2.65898892682891,2.90158050237494,0.758196022398103,-0.616449500503521,-1.46517238008325,1.85532586350577,0,0.1858370397484,2.88288640533274,0,-0.0419541829072292,0.0873018718234862,0.540572405068585,0.149531924499164,0.069827362141994,1,0.853372290601766,0.0059252519018206,1,0.966712948488158,0.93080246483574,1,1,1,1,1,0.426618136931083,1,1,1,FALSE,FALSE,FALSE,FALSE,FALSE,FALSE,FALSE,FALSE,FALSE,FALSE,FALSE,TRUE,TRUE,TRUE,TRUE,TRUE,TRUE,TRUE
"10","Genus:Dolosigranulum",0.460983752176186,-1.87148524469796,-2.21559116881754,0,0.696439978413485,0.336908490297314,1.35079513587407,1.9353390332751,-0.969703985291004,6.09211161378666,0.300661319279153,0.314930456837702,3.02551307029587,3.0326291237126,0.457283424150103,3.10400572901086,3.31155352197542,0.411400489524686,0.0756689603540689,-6.22456273785042,-7.03517592761545,0,0.2296489118857,0.736760775712535,0.435178042118022,0.584420279011714,-2.35708029033062,0.940284755364808,1.64263308466521e-06,2.25095948445262e-07,1,0.820233154763485,0.468126036223934,0.667167096241115,0.564174790894416,0.0265575310048208,1,0.000149479610704534,2.29597867414167e-05,1,1,1,1,1,1,FALSE,TRUE,TRUE,FALSE,FALSE,FALSE,FALSE,FALSE,FALSE,TRUE,FALSE,FALSE,TRUE,TRUE,TRUE,TRUE,TRUE,TRUE
"11","Genus:Blautia",-1.47118647739723,-1.00998818770996,0.990649450069685,0,-0.103429500169281,1.6537801069737,-0.773100335318495,-1.27751029409712,-0.943085794110069,6.60780393606488,0.0988554799353025,0.22417073909558,3.26438358927,3.27703148314124,0.166673521331034,3.32847556151561,3.5504088449049,0.308555339776123,-0.222643784778119,-10.2168153790863,4.41917376936202,0,-0.0315619488861721,9.92227255875332,-0.23226859294303,-0.359820615006196,-3.05645591741935,0.827557282958576,2.83908984994079e-07,0.000836798193108572,1,0.97534026796058,3.89611085613131e-07,0.820243390018686,0.725234210451544,0.00996445262764329,1,2.75391715444257e-05,0.0719646446073372,1,1,3.93507196469262e-05,1,1,0.767262852328534,FALSE,TRUE,FALSE,FALSE,FALSE,TRUE,FALSE,FALSE,FALSE,TRUE,TRUE,TRUE,TRUE,TRUE,FALSE,TRUE,TRUE,TRUE
"12","Genus:Corynebacterium",-0.777258485246456,-1.46675762635386,0.993123394178061,0,1.11561562038444,-1.07572141967085,0,1.24145301356897,-0.439913151633726,4.62576179025938,0.39905019691243,0.584642966722335,2.31303107401826,2.31200708064006,0.481691042701714,2.35739861438832,2.52304317032966,0.465182084790071,-0.168028212538561,-3.67562185835916,1.69868355681379,0,0.482531229997612,-2.23321864911029,0,0.492045886558002,-0.945679479106018,0.867155862843706,0.000526257427295705,0.0948315901300413,1,0.631276598957508,0.0294764595486166,1,0.624576673434744,0.348303827756773,1,0.0373642773379951,1,1,1,1,1,1,1,FALSE,TRUE,FALSE,FALSE,FALSE,FALSE,FALSE,FALSE,FALSE,FALSE,FALSE,TRUE,TRUE,TRUE,TRUE,TRUE,TRUE,TRUE
"13","Genus:Enterococcus",-2.05492943210016,0.0444802953485357,0.222390082481178,0,-0.0057067861947873,1.17360979835047,0,0.131510086389234,-0.213271610014921,6.57419392416719,0.140566631786905,0.220928875533672,3.24274670716524,3.25621646042022,0.171108926505371,3.30875911563856,3.53561433056382,0.327950985726416,-0.31257511655476,0.316435663166252,1.00661392470304,0,-0.00175258195029541,6.85884612988691,0,0.0371958234393347,-0.650315502307522,0.759210899147824,0.756340727994598,0.331202386109641,1,0.998626370990283,7.82222387908259e-06,1,0.97085404750093,0.526017181186992,1,1,1,1,1,0.000735289044633763,1,1,1,FALSE,FALSE,FALSE,FALSE,FALSE,TRUE,FALSE,FALSE,FALSE,TRUE,FALSE,TRUE,TRUE,TRUE,FALSE,TRUE,TRUE,TRUE
"14","Genus:Gemella",-1.82802716431621,0.13849128192803,-0.78317705827732,3.14814777261161,3.40294216782913,0.170891465244252,-2.06351791721101,-1.85292955976926,0.168947325456701,4.5875579563405,0.466927168195243,0.595562157824279,2.29760612476878,2.29813923358123,0.597181104648648,2.41507689894464,2.57296206503745,0.560058358916029,-0.398475001670481,0.296601464556718,-1.3150215271206,1.37018601172489,1.48073803279807,0.286163550577838,-0.854431557898937,-0.720154247490739,0.301660215881239,0.691795357372381,0.767868083465565,0.193862271350872,0.176097142218762,0.144281137889047,0.775808834981575,0.396506457057338,0.474425277110797,0.764028510753407,1,1,1,1,1,1,1,1,1,FALSE,FALSE,FALSE,FALSE,FALSE,FALSE,FALSE,FALSE,FALSE,TRUE,TRUE,TRUE,TRUE,TRUE,TRUE,TRUE,TRUE,TRUE
"15","Genus:Bacteroides",-1.05314158810493,-0.0861268773095702,0.743019711506241,0,-1.23431620042305,1.0074438386591,0,-0.197602206539379,-1.02750572708593,5.86745430194953,0.228992015716553,0.271873044945601,2.90787982665857,2.91767710868872,0.342660396206974,2.96900841821139,3.16954788189508,0.3792914580116,-0.17948867326585,-0.376113014421334,2.73296571807959,0,-0.423047566417583,2.94006500258226,0,-0.0623439726744978,-2.70901362364587,0.85872207431033,0.709394706112496,0.010273755375616,1,0.675181015713917,0.00615259234148687,1,0.950689154902375,0.0108898288390193,1,1,0.708889120917506,1,1,0.431543851433517,1,1,0.81673716292645,FALSE,FALSE,FALSE,FALSE,FALSE,FALSE,FALSE,FALSE,FALSE,TRUE,TRUE,TRUE,TRUE,TRUE,TRUE,TRUE,TRUE,TRUE
"16","Genus:Klebsiella",-2.4538158488606,-0.767280312129718,0.675019545900823,0,0.727321204241104,0.743272149281541,0.520140614267602,0.853105930556174,-0.778051710531124,6.04055816713892,0.172078585218931,0.248737773662,2.9961805910739,3.00090997419329,0.264076809845214,3.05216273439949,3.25595442153337,0.334237583726476,-0.406223362306076,-4.45889481921024,2.71377980096453,0,0.242366885543317,2.81460590847489,0.17041706472769,0.262014088684451,-2.32784028012793,0.687902683650356,0.000140203079839145,0.0116492733200056,1,0.810397552442926,0.00918542477332978,0.866001358977828,0.795375303477312,0.027971004888366,1,0.0110760433072925,0.757202765800364,1,1,0.633794309359755,1,1,1,FALSE,TRUE,FALSE,FALSE,FALSE,FALSE,FALSE,FALSE,FALSE,TRUE,TRUE,TRUE,TRUE,TRUE,TRUE,TRUE,TRUE,TRUE
"17","Genus:Rothia",-2.91290524121452,0.102956309536759,-0.774454633935393,3.75980263655821,2.77434035786167,-0.208303532316516,0,-0.443943132278441,-0.396731374051912,5.13763040784888,0.407005656078212,0.477315295691608,2.56175340687334,2.55916848918528,0.693716826981436,2.62899604391235,2.8312312222346,0.541595572697103,-0.566974462928359,0.25296039010567,-1.62252213772711,1.4676676632772,1.08407882075201,-0.300271701960734,0,-0.156802146286042,-0.732523296075374,0.573487990235198,0.80142588181715,0.111526307629211,0.148999235151892,0.283979276002417,0.765322776656479,1,0.876086980846132,0.46756550243279,1,1,1,1,1,1,1,1,1,FALSE,FALSE,FALSE,FALSE,FALSE,FALSE,FALSE,FALSE,FALSE,TRUE,TRUE,TRUE,TRUE,TRUE,TRUE,TRUE,TRUE,TRUE
"18","Genus:Pseudomonas",0.508411751263299,0.0218393306873712,-0.176198037271827,0,-1.04056035533417,-0.3076294234007,0,0.285942946033331,-1.51971815780183,6.17410418623336,0.25409722303524,0.249647376748286,3.06107459632256,3.06009373356637,0.604560654982259,3.12377649272942,3.33336377486294,0.421774817963605,0.0823458328411309,0.0859487184727808,-0.705787657642736,0,-0.34004198757711,-0.50884790610419,0,0.0857821004084945,-3.60315052742899,0.935054642259972,0.932220208558948,0.487115180100096,1,0.736783061631033,0.615505133656002,1,0.932351269143566,0.00142638017341017,1,1,1,1,1,1,1,1,0.129800595780325,FALSE,FALSE,FALSE,FALSE,FALSE,FALSE,FALSE,FALSE,FALSE,TRUE,FALSE,TRUE,TRUE,TRUE,TRUE,TRUE,TRUE,TRUE
"19","Genus:Veillonella",-4.53378077131083,0.805879045175767,-0.426574752228432,1.22750215763702,1.13679134090741,0.606441172992312,1.33127894597611,1.996111995204,1.0958167284042,4.95291157226757,0.384559466720165,0.638169372911616,2.47738700731639,2.47362664865791,0.52983262531683,2.55243704989838,2.73854599238591,0.451351578274435,-0.915376885930379,2.09559018803765,-0.668435011668149,0.495482600825741,0.459564640251669,1.1445900913136,0.521571705766108,0.728894822564189,2.4278562015749,0.364476776104576,0.0413078116362873,0.506992737707441,0.622474412422369,0.647861269944473,0.257939326384352,0.604318213266923,0.469535651882435,0.0189072754259985,1,1,1,1,1,1,1,1,1,FALSE,FALSE,FALSE,FALSE,FALSE,FALSE,FALSE,FALSE,FALSE,TRUE,TRUE,TRUE,TRUE,TRUE,TRUE,TRUE,TRUE,TRUE
"20","Genus:Neisseria",-2.47476820080465,0.444482322801727,-0.647184177599178,0.197649431245371,0.507612937477456,-0.601313210783238,1.98845682881401,2.85952666923987,-0.763312343453202,5.50285197511948,0.460871363758874,0.50189506905117,2.74841935456703,2.75143730372768,0.488190580671206,2.80783493911808,2.99755346717869,0.51437203297732,-0.449724654051032,0.96443901217147,-1.28948104396139,0.0719138551098247,0.184490097880746,-1.23171817439923,0.708181524886422,0.95395351594221,-1.48396937336377,0.655463957190071,0.340923672925816,0.205024519112057,0.943047639515585,0.854610071057798,0.225622435206373,0.483154183274605,0.346136454525715,0.146065071207794,1,1,1,1,1,1,1,1,1,FALSE,FALSE,FALSE,FALSE,FALSE,FALSE,FALSE,FALSE,FALSE,TRUE,TRUE,TRUE,TRUE,TRUE,TRUE,TRUE,TRUE,TRUE
"21","Family:Enterobacteriaceae",-2.30489619113178,-1.0470509988732,0.563955252214749,0,0.206686581268534,-1.79959915104773,2.56570142084221,5.56144484693351,-1.36952800713051,6.33695627553984,0.234702458911208,0.240796778335481,3.13677550503093,3.13954192493882,0.368583842632166,3.22317542747506,3.45438068870354,0.387104124327823,-0.363722912217101,-4.46118461532319,2.34203819549878,0,0.0658333560150057,-4.88246890638576,0.796016685586394,1.60996871743767,-3.53788017502678,0.720080744932546,0.000267770726639047,0.0302242159571615,1,0.948198278905728,0.000103419020482368,0.435855660161693,0.123893693602953,0.00219793758024294,1,0.0200828044979285,1,1,1,0.00910087380244835,1,1,0.191220569481136,FALSE,TRUE,FALSE,FALSE,FALSE,TRUE,FALSE,FALSE,FALSE,TRUE,FALSE,TRUE,TRUE,TRUE,FALSE,TRUE,TRUE,TRUE
"22","Genus:Prevotella",-1.21367733089521,0.434565831870632,-0.883519478179479,0.272362791169384,0.625877741372842,0.205517633633371,0,0.194489342624481,-0.0854461164538788,5.65012410142926,0.306790298485797,0.530477296334872,2.8122044140645,2.81597885466481,0.418468045590755,2.85630894551455,3.05715697325015,0.426990440336608,-0.214805428891057,1.4164914406208,-1.66551798594175,0.0968502822224564,0.22225938960303,0.49111906105815,0,0.063617715520088,-0.200112481175268,0.831131239865865,0.165227126706521,0.104489625451028,0.923382477690697,0.825368095946544,0.626323036558997,1,0.949626561841652,0.842518779661901,1,1,1,1,1,1,1,1,1,FALSE,FALSE,FALSE,FALSE,FALSE,FALSE,FALSE,FALSE,FALSE,TRUE,TRUE,TRUE,TRUE,TRUE,TRUE,TRUE,TRUE,TRUE
"23","Genus:Akkermansia",-0.916169228161757,-0.0517839957280591,0.00911761809955695,0,0.220423227671683,0.236885520993572,0,0.144951223694514,-1.12312145096949,6.48807472132341,0.132354584793503,0.224157196489977,3.2072833826616,3.21735793006109,0.134798786561568,3.26864092047611,3.48697653692531,0.296382809055273,-0.141208180779842,-0.391251997872619,0.0406751076580521,0,0.0685106327810713,1.75732680564878,0,0.0415693143213195,-3.78942845757306,0.889468081541995,0.700772090967155,0.968058147579526,1,0.946228052933976,0.0979764660901178,1,0.967356358896541,0.00160820702311178,1,1,1,1,1,1,1,1,0.143130425056949,FALSE,FALSE,FALSE,FALSE,FALSE,FALSE,FALSE,FALSE,FALSE,TRUE,TRUE,TRUE,TRUE,TRUE,TRUE,TRUE,TRUE,TRUE
"24","Genus:Faecalibacterium",-2.08978151615868,-0.231690002408322,1.40901180900111,0,-0.393526261698952,0.973144598112055,0,-0.763208631531866,-1.16553027161569,6.4907543614229,0.121996233152107,0.23497978158313,3.20741499547258,3.21975684912809,0.138421672633991,3.26868614967379,3.48619928734464,0.304716712613264,-0.321962810452214,-1.89915701839292,5.99631082941759,0,-0.122222354090347,7.03029070227468,0,-0.218922835049165,-3.82496339508275,0.75164914405221,0.0757266920670085,1.86517466648229e-05,1,0.904244894810917,2.84109792654072e-06,1,0.829478346693413,0.00149205567197871,1,1,0.00177191593315817,1,1,0.000269904303021368,1,1,0.134285010478084,FALSE,FALSE,TRUE,FALSE,FALSE,TRUE,FALSE,FALSE,FALSE,TRUE,TRUE,FALSE,TRUE,TRUE,FALSE,TRUE,TRUE,TRUE
"25","Order:Lactobacillales",-1.29686469647665,-0.717940122538638,-0.839535808502817,1.3784967371407,2.02059575514272,-0.811253861540681,0,1.06344108473979,0.07174645028585,5.74923325687398,0.268837406320121,0.359390229216351,2.84990105889436,2.85608508651152,0.42335482802635,2.93033326679512,3.11903331825517,0.503651234538342,-0.225571765578666,-2.6705365609864,-2.336000648469,0.483699857873488,0.707470433806547,-1.91625040707033,0,0.340952140047895,0.142452644540055,0.822925690546383,0.0116635030462077,0.0257153720053368,0.631793213558737,0.484240897604447,0.0640288234187061,1,0.735300905483703,0.887588690285562,1,0.711473685818669,1,1,1,1,1,1,1,FALSE,FALSE,FALSE,FALSE,FALSE,FALSE,FALSE,FALSE,FALSE,TRUE,TRUE,TRUE,TRUE,TRUE,TRUE,TRUE,TRUE,FALSE
"26","Family:Lachnospiraceae",0.54600933355094,0.620003115879037,-1.39789709142433,0,0.216797709018901,-0.847592692406893,0,0.450113481268026,-0.750218577793923,5.81616847420769,0.292273675176792,0.418183603638112,2.8856507993458,2.89232617098579,0.494346659363902,2.95346952422539,3.1486104416062,0.469092296389792,0.0938778400199833,2.12131015735168,-3.34278312029191,0,0.0749561758261205,-1.71457149826304,0,0.142956230888445,-1.59929843991837,0.925773881038005,0.0414941569100453,0.00207413730507249,1,0.940702134570119,0.0958024062959391,1,0.887194078825827,0.119286232684051,1,1,0.163856847100727,1,1,1,1,1,1,FALSE,FALSE,FALSE,FALSE,FALSE,FALSE,FALSE,FALSE,FALSE,TRUE,TRUE,TRUE,TRUE,TRUE,TRUE,TRUE,TRUE,TRUE
"27","Genus:[Ruminococcus]_torques_group",-2.69552695393709,-1.0182061133643,1.66735957718145,0,0.60677644429928,0.838018949908426,0,0.828649620879957,-1.07918917042774,6.87099144167679,0.0698647058101349,0.20586953831126,3.39038607875741,3.40362073652086,0.112989555271157,3.45751539396138,3.68564592512916,0.292135551477998,-0.39230538661234,-14.5739698114723,8.0991077692151,0,0.178273812293058,7.41678244415881,0,0.224831586569434,-3.69413844007622,0.708389249134004,6.54738703438131e-06,0.000190015996124354,1,0.8643748537779,0.000308912447618776,1,0.829571720228867,0.0101587321400226,1,0.000582717446059937,0.0169114236550675,1,1,0.0265664704952148,1,1,0.77206364264172,FALSE,TRUE,TRUE,FALSE,FALSE,TRUE,FALSE,FALSE,FALSE,TRUE,FALSE,FALSE,TRUE,TRUE,FALSE,TRUE,TRUE,TRUE
"28","Genus:Fusobacterium",1.3919590491264,0.385421582034803,-0.782656164440709,0.303290367844205,0.938401569279642,-0.771084013672752,-1.94468160479128,-1.53880167871387,-1.04487858606565,5.75068483784008,0.304274940789727,0.47675428215547,2.86888105814154,2.87694784095277,0.375751939522423,2.9291688860589,3.11340073677982,0.417384493583759,0.242051005815371,1.2666885450194,-1.64163426262731,0.105717302912752,0.326179555959161,-2.05210920442032,-0.663902178548601,-0.494251080670537,-2.50339579483196,0.810285197581323,0.214409207048551,0.110459186113698,0.916466581698508,0.746412168515527,0.0484153161235139,0.51150835757987,0.624504884801202,0.0175966000387123,1,1,1,1,1,1,1,1,1,FALSE,FALSE,FALSE,FALSE,FALSE,FALSE,FALSE,FALSE,FALSE,TRUE,FALSE,TRUE,TRUE,TRUE,TRUE,TRUE,TRUE,TRUE
"29","Genus:Prevotella_7",0.176600493272046,0.444643765120342,-1.15165638623271,-0.120118164883831,-0.4018117962696,-0.344604167625089,0,0.0293254009087884,0.0752928161179648,5.82818720551062,0.314220537365568,0.504724367723019,2.8803678035756,2.88833678702402,0.545253764248271,2.96665568230473,3.19983222477846,0.528166118038893,0.0303011017053584,1.41506907488684,-2.28175309115392,-0.0417023703482314,-0.139115285334715,-0.63200694836135,0,0.00916466828532509,0.142555180172349,0.976015118548599,0.166706647672912,0.0292982030794757,0.966995083922457,0.890230895023664,0.531872090218568,1,0.992744653331738,0.887535313950718,1,1,1,1,1,1,1,1,1,FALSE,FALSE,FALSE,FALSE,FALSE,FALSE,FALSE,FALSE,FALSE,TRUE,TRUE,TRUE,TRUE,TRUE,TRUE,TRUE,TRUE,TRUE
"30","Genus:Actinomyces",1.19113636464382,-0.391533828685655,-0.927786400825037,-0.655237577133415,-0.411539891080741,-0.97787339933178,0,-0.0208550145701542,0.395941614181946,5.56078703868892,0.287497701936424,0.347083929244798,2.75955717086521,2.76683433970074,0.482080983068046,2.84316328018193,3.03980340606418,0.41604038507,0.214202837899841,-1.36186768119711,-2.67308948254608,-0.23744301587634,-0.148740343856385,-2.02844217813453,0,-0.00686064583273707,0.951690336781435,0.831565015436811,0.18147441924029,0.0111155910321635,0.813623014409227,0.882566254082265,0.049759030898623,1,0.994562897785661,0.347429941615162,1,1,0.738581987700494,1,1,1,1,1,1,FALSE,FALSE,FALSE,FALSE,FALSE,FALSE,FALSE,FALSE,FALSE,TRUE,TRUE,TRUE,TRUE,TRUE,FALSE,TRUE,TRUE,TRUE
"31","Genus:Lactobacillus",0.161899096096826,-0.714089563670709,-0.400708312265229,0,-0.342202640954545,-0.407721049908656,0.712715409606146,0.715151919694869,-1.56353034352318,6.20582466546033,0.162543357178877,0.270680793278545,3.06650663661759,3.07774804453944,0.186868319329417,3.13253534763054,3.34189210301071,0.304560212314158,0.0260882485123864,-4.39322514352193,-1.48037216609188,0,-0.11118604772138,-2.18186288276031,0.227520308795636,0.213996112875873,-5.13373146033395,0.979422149133003,0.000230879661174748,0.152953647931738,1,0.912476967089296,0.0400853097717315,0.822120304379352,0.832521026730434,3.81329420118649e-05,1,0.0175468542492809,1,1,1,1,1,1,0.00381329420118649,FALSE,TRUE,FALSE,FALSE,FALSE,FALSE,FALSE,FALSE,TRUE,TRUE,FALSE,FALSE,TRUE,TRUE,TRUE,TRUE,TRUE,FALSE
"32","Genus:Streptobacillus",-2.6514975223391,0.32411768099069,-1.15624701003141,2.25166849406384,0.830761072559648,0.0536477012864881,0.998049411492436,1.11739890129827,1.36593990186077,6.33272834805913,0.18952444362373,0.306920520934428,3.12981329830921,3.1432437865859,0.301504897707958,3.19882274723997,3.42137113115201,0.323688903583389,-0.418697499183229,1.71016294676043,-3.76725220754607,0.719425818556092,0.264300553493497,0.177933100570897,0.31200522515778,0.326593888375399,4.21991574854487,0.680390728217431,0.104416665767337,0.00141066337755918,0.481115684148827,0.794550784733003,0.860762656666751,0.758621795750223,0.747742003923753,0.000514930169509073,1,1,0.115674396959853,1,1,1,1,1,0.0484034359338528,FALSE,FALSE,FALSE,FALSE,FALSE,FALSE,FALSE,FALSE,TRUE,TRUE,TRUE,TRUE,TRUE,TRUE,TRUE,TRUE,TRUE,FALSE
"33","Phylum:Aenigmarchaeota",-0.795691577223056,-0.16674346410868,-0.0302615471144485,0,0.548608565942664,0.195322960392588,0,-0.174639036292683,-1.46136140835241,4.55547756173211,0.259969511016013,0.379966760801014,2.27289783014085,2.28298904385173,0.344400686162402,2.3224393901731,2.49781185657186,0.39123143010676,-0.174666995159233,-0.641396229338637,-0.0796426167664079,0,0.240302758972984,0.567138708604327,0,-0.0699168097201553,-3.73528631877461,0.861960242625142,0.52383610993591,0.936800459047894,1,0.810957722422937,0.572846794349682,1,0.944504591583572,0.000435452673039714,1,1,1,1,1,1,1,1,0.0413680039387728,FALSE,FALSE,FALSE,FALSE,FALSE,FALSE,FALSE,FALSE,TRUE,FALSE,TRUE,TRUE,TRUE,FALSE,TRUE,TRUE,TRUE,TRUE
"34","Genus:Arcobacter",-0.636994546689276,0.231723275454005,0.404227370034842,0,-0.476200775693247,0.116346847248513,0,-0.397907838610185,-1.37925463631095,6.08494125702907,0.249070550184495,0.273526981231447,3.0188933086518,3.02028901946882,0.317869982713555,3.08019727861374,3.28844494546734,0.372569682185594,-0.104683762715613,0.930351963659931,1.47783362436484,0,-0.157667287012485,0.3660202396442,0,-0.121001824634055,-3.70200449005909,0.917430147463592,0.360747266631128,0.15146490901342,1,0.875937090081095,0.717311403617793,1,0.904619881732805,0.00101192462833266,1,1,1,1,1,1,1,1,0.0930970658066045,FALSE,FALSE,FALSE,FALSE,FALSE,FALSE,FALSE,FALSE,FALSE,TRUE,TRUE,TRUE,TRUE,TRUE,TRUE,TRUE,TRUE,TRUE
"35","Genus:Actinobacillus",1.74939498587084,2.34347356234127,-0.990639030155019,-0.269798246426451,-1.5377523515512,-0.150219936665963,-2.74606692788759,-4.15836459735692,2.5498382634372,6.72402353144976,0.101118861543895,0.278879929819276,3.31781264631052,3.33108955174886,0.122598404065803,3.38312472304771,3.60761988148759,0.291951014924006,0.260170860153675,23.1754345980643,-3.55220625161871,-0.0813181077980617,-0.461636448874173,-1.22530091489066,-0.811695445095438,-1.15266151478305,8.7337879750167,0.8013029360091,1.27607558609271e-08,0.00748530848190402,0.937186605372841,0.656635190398114,0.255309760123943,0.440446998470147,0.282325884965656,2.30958593265033e-05,1,1.28883634195364e-06,0.531456902215186,1,1,1,1,1,0.00235577765130333,FALSE,TRUE,FALSE,FALSE,FALSE,FALSE,FALSE,FALSE,TRUE,FALSE,FALSE,FALSE,FALSE,FALSE,TRUE,FALSE,FALSE,FALSE
"36","Genus:Alloprevotella",-1.41911900451871,0.930425716839332,-0.917614771802505,0.711898678070253,0.650252473406443,-0.0784968035727352,-0.008614213263571,-0.443184877895736,0.579829452622002,5.78883874910347,0.327699456986889,0.518815486948783,2.86490776800567,2.87966506154192,0.499934104861669,2.94452212727427,3.17850053179171,0.444160873708865,-0.245147440795184,2.83926536038342,-1.76867266858032,0.248489213516923,0.225808369900583,-0.157014300103521,-0.00292550467995468,-0.13943206032623,1.30544918957014,0.807907626711481,0.00779337483640423,0.086481003714635,0.805343759505524,0.822786513467977,0.876220082000872,0.997683950454033,0.889982606741123,0.201048395321462,1,0.490982614693466,1,1,1,1,1,1,1,FALSE,FALSE,FALSE,FALSE,FALSE,FALSE,FALSE,FALSE,FALSE,TRUE,TRUE,TRUE,TRUE,TRUE,TRUE,TRUE,TRUE,TRUE
"37","Genus:Chryseobacterium",NA,NA,NA,NA,NA,NA,NA,NA,NA,NA,NA,NA,NA,NA,NA,NA,NA,NA,NA,NA,NA,NA,NA,NA,NA,NA,NA,1,1,1,1,1,1,1,1,1,1,1,1,1,1,1,1,1,1,FALSE,FALSE,FALSE,FALSE,FALSE,FALSE,FALSE,FALSE,FALSE,TRUE,TRUE,TRUE,TRUE,TRUE,TRUE,TRUE,TRUE,TRUE
"38","Genus:Porphyromonas",-0.101355338109999,0.12872565400901,-1.09648241619089,1.8547757753324,1.48221921955935,0.872749191372745,-2.3749228439575,-1.9484168217274,-0.201568201564985,5.31354651149853,0.363523059665534,0.501074287529241,2.64908362221684,2.67270859893333,0.612326111228725,2.72806667391219,2.95146021652159,0.465824639643561,-0.0190748943084748,0.35410588293201,-2.18826318468177,0.70015750343897,0.554575691547853,1.42530128205939,-0.870551613224221,-0.66015351005601,-0.432712622756968,0.984871690639983,0.725031165965796,0.0342642044766998,0.487689402410184,0.582126288451011,0.161459845039868,0.388947719738666,0.512759689224121,0.667437491092744,1,1,1,1,1,1,1,1,1,FALSE,FALSE,FALSE,FALSE,FALSE,FALSE,FALSE,FALSE,FALSE,TRUE,TRUE,TRUE,TRUE,TRUE,TRUE,TRUE,TRUE,TRUE
"39","Genus:unidentified_Saccharimonadales",-2.33531736997882,-1.03122830335438,-0.275398346454811,0,1.01743866902015,1.49084448328626,0,0.466661986449713,0.51050881427279,6.61249271796178,0.14670370202211,0.252772344279692,3.26794028397829,3.27849576958158,0.177754034347561,3.33105476573795,3.5547487235142,0.340239981831216,-0.353167477014425,-7.02932706632694,-1.08951138321558,0,0.310337038851815,8.38712037540157,0,0.131278473598656,1.5004374604218,0.729623811122671,8.94148163521893e-06,0.295713061464294,1,0.761223955548276,1.32797180710785e-06,1,0.897564913847265,0.15739231627533,1,0.000786850383899265,1,1,1,0.000130141237096569,1,1,1,FALSE,TRUE,FALSE,FALSE,FALSE,TRUE,FALSE,FALSE,FALSE,TRUE,FALSE,TRUE,TRUE,TRUE,FALSE,TRUE,TRUE,TRUE
"40","Family:Neisseriaceae",1.09746229594236,-0.898324623157968,-1.9574073235668,0,0.929129062814627,-0.351849670687481,0,-0.179168878184998,-0.232896172891506,6.64579054802273,0.154248274325843,0.241750590603262,3.28175707766289,3.2947278368322,0.245346700120888,3.35596791564422,3.573628505601,0.326456460701673,0.165136455627372,-5.82388767125066,-8.09680472209935,0,0.282004799433741,-1.43409171802236,0,-0.0501364027917798,-0.713406536329312,0.871585844631559,8.16323342702981e-05,3.32356569644386e-06,1,0.782744393216895,0.1770875229484,1,0.960838550472008,0.489236862032015,1,0.00661221907589414,0.000332356569644386,1,1,1,1,1,1,FALSE,TRUE,TRUE,FALSE,FALSE,FALSE,FALSE,FALSE,FALSE,TRUE,FALSE,FALSE,TRUE,TRUE,TRUE,TRUE,TRUE,TRUE
"41","Genus:Atopobium",-0.0850743203515524,-0.404147856101398,-1.46790507392311,0,0.130080785754844,0.472069482190075,0,-0.074405139947254,0.739785014594458,6.41117875293477,0.164324677638582,0.304422372523391,3.16801473299576,3.17993683614387,0.272611233561797,3.24277942633311,3.45700654678174,0.357272036393812,-0.0132696846601897,-2.45944712570978,-4.82193559479708,0,0.0409067199940318,1.73165821533566,0,-0.0215229965406113,2.07064908315134,0.989558607194132,0.0242649561938791,0.000136696759982948,1,0.967820587496241,0.100437070277252,1,0.983065256258642,0.0530469784673876,1,1,0.0123027083984653,1,1,1,1,1,1,FALSE,FALSE,TRUE,FALSE,FALSE,FALSE,FALSE,FALSE,FALSE,TRUE,TRUE,FALSE,TRUE,TRUE,TRUE,TRUE,TRUE,TRUE
"42","Genus:Holdemanella",-1.53749981189656,-0.115548637792081,0.739107591613808,0,-1.02338861978854,1.45696754652998,0,-0.838683657167552,-1.18649603806624,6.7961788721596,0.0658258118041124,0.204846129297871,3.35393673634276,3.36679541994396,0.109367841506546,3.42001585852546,3.64595435956503,0.293783527205518,-0.226230039087831,-1.75536973453417,3.60811109366413,0,-0.30396519305161,13.3217180339321,0,-0.230031309900327,-4.0386744939454,0.82669559832096,0.117270593965113,0.00690056336753291,1,0.768910308023309,9.63328861719736e-07,1,0.823840250507168,0.00374263505642975,1,1,0.49684056246237,1,1,9.53695573102539e-05,1,1,0.314381344740099,FALSE,FALSE,FALSE,FALSE,FALSE,TRUE,FALSE,FALSE,FALSE,TRUE,TRUE,TRUE,TRUE,TRUE,FALSE,TRUE,TRUE,TRUE
"43","Genus:Megasphaera",-1.98293849634012,2.12049311427935,-2.74412853594984,0,-1.1171912385155,2.69061583184647,0,-2.51164949293361,3.20568775564234,6.87254891501529,0.0692970818061179,0.20995156456881,3.39079750271582,3.40448982614072,0.111050934692242,3.45726302176626,3.68641676005683,0.294171484489632,-0.288530284885678,30.6000347924051,-13.0702933392548,0,-0.328152321072414,24.2286644349553,0,-0.681325432367797,10.8973436402376,0.78264939645843,8.08518498547282e-08,1.23657888490917e-05,1,0.75394573894329,3.24887084766265e-07,1,0.521080202401246,3.54121988356172e-05,1,7.92348128576336e-06,0.0011871157295128,1,1,3.3138482646159e-05,1,1,0.00357663208239734,FALSE,TRUE,TRUE,FALSE,FALSE,TRUE,FALSE,FALSE,TRUE,TRUE,FALSE,FALSE,TRUE,TRUE,FALSE,TRUE,TRUE,FALSE
"44","Genus:Mycobacterium",-2.14542683361545,-1.32308232110613,-0.466374281713907,0,0.44710259964299,0.133277730297209,2.11356603117609,2.51924132250854,-0.29857907982812,5.72966114640574,0.187312127397156,0.250409274619117,2.83665052160088,2.84644140055392,0.301651606082129,2.90583450799474,3.10612845753402,0.36330815898421,-0.374442184065508,-7.06351659922593,-1.86244811588262,0,0.157074232954869,0.441826688835604,0.727352512801777,0.811055098638316,-0.821834226522549,0.710470816609934,4.38200614150475e-08,0.0714634444997796,1,0.876143452357005,0.661496529315948,0.472139101158064,0.423145288324357,0.417069718517753,1,4.3381860800897e-06,1,1,1,1,1,1,1,FALSE,TRUE,FALSE,FALSE,FALSE,FALSE,FALSE,FALSE,FALSE,TRUE,FALSE,TRUE,TRUE,TRUE,TRUE,TRUE,TRUE,TRUE
"45","Genus:Anaerosinus",-1.821556101025,1.23435260491321,1.77956861438781,0,-1.30606334322265,0.309951774066368,0,-1.65816248961413,-1.78921637010584,6.68254100455103,0.120808599004385,0.213458632982392,3.29943248057665,3.31230335717983,0.195111383894311,3.36669774192437,3.58755172776451,0.304143086894706,-0.272584350740903,10.2174233877872,8.33683130789374,0,-0.394306680996351,1.58858887615837,0,-0.462198907623103,-5.88281123984668,0.790221822536628,5.96066173189997e-07,4.40386579157914e-06,1,0.700891653515094,0.140460521851359,1,0.652946230583466,0.000105721880331296,1,5.66262864530497e-05,0.000431578847574756,1,1,1,1,1,0.0104664661527983,FALSE,TRUE,TRUE,FALSE,FALSE,FALSE,FALSE,FALSE,TRUE,TRUE,FALSE,FALSE,TRUE,TRUE,TRUE,TRUE,TRUE,FALSE
"46","Genus:Cutibacterium",-0.627912001454099,-0.711365683438936,0.916353295746789,0,-0.53024447317732,-0.0259880072112278,0,-0.233438622486248,-0.970410541495196,6.1725420343365,0.169750999532523,0.258539338442811,3.0536744723446,3.06339732282883,0.260404971962637,3.11656954949762,3.32364121708583,0.362677258838361,-0.101726646487162,-4.1906420898726,3.54434764653615,0,-0.173090336413717,-0.0997984294053978,0,-0.0702358068272265,-2.67568621369693,0.919818789149103,0.000325134495370886,0.00165071367119533,1,0.864031949655158,0.921333316883968,1,0.944587946135758,0.0132224336503718,1,0.0234096836667038,0.132057093695626,1,1,1,1,1,0.952015222826769,FALSE,TRUE,FALSE,FALSE,FALSE,FALSE,FALSE,FALSE,FALSE,TRUE,TRUE,TRUE,TRUE,TRUE,TRUE,TRUE,TRUE,TRUE
"47","Genus:Ruminococcus",NA,NA,NA,NA,NA,NA,NA,NA,NA,NA,NA,NA,NA,NA,NA,NA,NA,NA,NA,NA,NA,NA,NA,NA,NA,NA,NA,1,1,1,1,1,1,1,1,1,1,1,1,1,1,1,1,1,1,FALSE,FALSE,FALSE,FALSE,FALSE,FALSE,FALSE,FALSE,FALSE,TRUE,TRUE,TRUE,TRUE,TRUE,TRUE,TRUE,TRUE,TRUE
"48","Genus:Trichococcus",-3.37957146406662,-0.0850532052542296,2.51345286080388,0,-1.15664994118272,1.60636037164895,0,-0.578601378517567,-0.929020527090877,6.79786511587767,0.0840742487855802,0.217749104555178,3.35497690881164,3.36923478257844,0.133417554747116,3.42099215433386,3.64697293562155,0.296994329720229,-0.49715188613746,-1.01164395142139,11.5428849452144,0,-0.343297518820445,12.0400975320954,0,-0.15865250132956,-3.1280749634716,0.632455448517209,0.34132383599924,2.88067451216616e-06,1,0.74022194685583,2.09004426738754e-06,1,0.877874563120744,0.0140561015378667,1,1,0.000290948125728782,1,1,0.000202734293936591,1,1,0.986166240849051,FALSE,FALSE,TRUE,FALSE,FALSE,TRUE,FALSE,FALSE,FALSE,TRUE,TRUE,FALSE,TRUE,TRUE,FALSE,TRUE,TRUE,TRUE
"49","Family:Lactobacillaceae",-3.70552395595132,0.641369267389322,0.540281145089426,0,-2.12780453965971,4.12475298590442,0,1.99035503322107,NA,6.94625501516032,0.0957240096057425,0.220040378373849,3.42702018692127,3.44021041647959,0.141510256703533,3.49428647574113,3.72556831621888,NA,-0.533456365748731,6.70019225094021,2.45537273241499,0,-0.618509998535822,29.1480849656422,0,0.534241990559203,NA,0.616569509621872,0.00112053977996894,0.0575549544272348,1,0.563324147232966,8.90825138479076e-07,1,0.616064435263987,1,1,0.0750761652579188,1,1,1,8.90825138479076e-05,1,1,1,FALSE,FALSE,FALSE,FALSE,FALSE,TRUE,FALSE,FALSE,FALSE,TRUE,TRUE,TRUE,TRUE,TRUE,FALSE,TRUE,TRUE,TRUE
"50","Genus:Macellibacteroides",NA,NA,NA,NA,NA,NA,NA,NA,NA,NA,NA,NA,NA,NA,NA,NA,NA,NA,NA,NA,NA,NA,NA,NA,NA,NA,NA,1,1,1,1,1,1,1,1,1,1,1,1,1,1,1,1,1,1,FALSE,FALSE,FALSE,FALSE,FALSE,FALSE,FALSE,FALSE,FALSE,TRUE,TRUE,TRUE,TRUE,TRUE,TRUE,TRUE,TRUE,FALSE
"51","Genus:Bergeyella",-0.914922991678231,0.0330135416636653,-2.09898818252583,0,0.603608012630783,-1.00417549315478,2.65391307288571,2.01106419777329,-0.563873385922081,6.16658929799132,0.171776649542091,0.244235162327132,3.04702586997931,3.06278387516655,0.333028297002039,3.12223061329256,3.34212497859047,0.365732257281822,-0.148367752004541,0.192188762277471,-8.59412773544221,0,0.197078225964592,-3.01528579461411,0.850005461347718,0.601732194533746,-1.54176552572331,0.883345671137188,0.849281126356785,1.22806220769371e-08,1,0.84549752702044,0.00616491216333596,0.404083884556538,0.553238181961016,0.136778017654883,1,1,1.26490407392452e-06,1,1,0.431543851433517,1,1,1,FALSE,FALSE,TRUE,FALSE,FALSE,FALSE,FALSE,FALSE,FALSE,TRUE,TRUE,FALSE,TRUE,TRUE,TRUE,TRUE,TRUE,TRUE
"52","Genus:Enhydrobacter",NA,NA,NA,NA,NA,NA,NA,NA,NA,NA,NA,NA,NA,NA,NA,NA,NA,NA,NA,NA,NA,NA,NA,NA,NA,NA,NA,1,1,1,1,1,1,1,1,1,1,1,1,1,1,1,1,1,1,FALSE,FALSE,FALSE,FALSE,FALSE,FALSE,FALSE,FALSE,FALSE,TRUE,TRUE,TRUE,TRUE,TRUE,TRUE,TRUE,TRUE,TRUE
"53","Genus:Acidibacter",-0.642967466700561,-0.769235526660261,0.378156073752608,0,-0.780647339183066,0.310918031780892,0,-0.0537977105951853,0.0204914390671475,6.32776810475444,0.117799737805889,0.211443723981988,3.12736980952519,3.13799188380618,0.208368502303339,3.19348938676567,3.40955312035952,0.30544585614081,-0.101610466132199,-6.53002749401542,1.78844785095074,0,-0.248772899385639,1.49215466034431,0,-0.0157785224913911,0.0670869768084234,0.920077681234344,2.30334747862262e-06,0.0888639960034504,1,0.806073229697953,0.15126525630678,1,0.987567426144572,0.94717859721813,1,0.000207301273076036,1,1,1,1,1,1,1,FALSE,TRUE,FALSE,FALSE,FALSE,FALSE,FALSE,FALSE,FALSE,TRUE,TRUE,TRUE,TRUE,TRUE,TRUE,TRUE,TRUE,TRUE
"54","Genus:Methanobrevibacter",-0.479701803938323,-0.162569094002136,0.395756825720686,0,-0.418979527969501,0.774406784935963,-0.523500938333812,-0.809620647813359,-1.412204415394,6.12304689718368,0.18229990102452,0.243446332032716,3.0323408677306,3.03823469057451,0.243248472367508,3.09323622674912,3.30296145766184,0.328410528888711,-0.0783436436129475,-0.891767319063273,1.62564300072305,0,-0.137902292166335,3.18360389851066,-0.169240529968832,-0.245119617104611,-4.30011918367134,0.938204238118281,0.381371616162076,0.117086680563535,1,0.891468118960798,0.00399609168751147,0.867025821187603,0.808447619801237,0.0002462259563027,1,1,1,1,1,0.295710784875848,1,1,0.0238839177613619,FALSE,FALSE,FALSE,FALSE,FALSE,FALSE,FALSE,FALSE,TRUE,TRUE,FALSE,TRUE,TRUE,TRUE,TRUE,TRUE,TRUE,FALSE
"55","Genus:Leptotrichia",-2.24478476602366,0.372249542347473,-0.182372530183872,1.45513383274166,0.369616409864756,0.0108356050227991,0,0.872010265172312,0.233979854358523,6.21695409915513,0.18160997670957,0.291610721901931,3.07093246882367,3.08243238174338,0.34926633376348,3.14920737566628,3.36325397710662,0.365213241131085,-0.361074688701453,2.0497196745021,-0.625397204171402,0.473841039330654,0.119910630336587,0.0310239034665645,0,0.259275770164255,0.640666405286607,0.721487856043428,0.0524985938125212,0.538144365589923,0.640281943996332,0.90564226251782,0.975530212103401,1,0.797833172323533,0.528356983693975,1,1,1,1,1,1,1,1,1,FALSE,FALSE,FALSE,FALSE,FALSE,FALSE,FALSE,FALSE,FALSE,TRUE,TRUE,TRUE,TRUE,TRUE,TRUE,TRUE,TRUE,TRUE
"56","Genus:Acidovorax",0.506974604942382,0.103591135597786,-0.773744799566546,0,-1.26642402326716,1.08979217296848,0,-0.611223678217172,-2.03104599990712,6.64368834533425,0.100925852182292,0.21551700970716,3.2795084110945,3.29340152431372,0.147575914792233,3.34668685072833,3.56803523187101,0.292206421189849,0.0763092093713912,1.02640833203647,-3.59017972928399,0,-0.384533745405083,7.38462082042834,0,-0.171305393163581,-6.95072336753177,0.940430597402689,0.324945145939485,0.00371222497142148,1,0.707310729351877,8.44831401840216e-06,1,0.866838364343214,1.53707373214912e-05,1,1,0.289553547770876,1,1,0.0007856932037114,1,1,0.00158318594411359,FALSE,FALSE,FALSE,FALSE,FALSE,TRUE,FALSE,FALSE,TRUE,TRUE,TRUE,TRUE,TRUE,TRUE,FALSE,TRUE,TRUE,FALSE
"57","Genus:Acinetobacter",-1.37477594175826,-0.369441347526624,-0.273960006097656,0,-0.33075197834273,0.608532161363649,0.880782113188169,1.09999260913341,-0.886110390907687,5.95337142159858,0.222784804940844,0.286188876820587,2.95253905208555,2.95449158498282,0.308448707042961,3.01446479286796,3.22789631168842,0.344071961556162,-0.230923932743492,-1.65828790533862,-0.957269930058821,0,-0.111948864577542,1.97287959867795,0.292185238080088,0.340776934237406,-2.57536355737911,0.819052975620696,0.10842225154011,0.346624055705809,1,0.911662652797581,0.0584559522711917,0.772299096850624,0.735815303204275,0.0155857722840738,1,1,1,1,1,1,1,1,1,FALSE,FALSE,FALSE,FALSE,FALSE,FALSE,FALSE,FALSE,FALSE,TRUE,FALSE,TRUE,TRUE,TRUE,TRUE,TRUE,TRUE,TRUE
"58","Genus:Nevskia",0.168805712569231,-0.734875885413759,-0.659749033362076,0,-0.385706819206285,0.233242903809969,0,-0.109096935884401,-0.46726276568882,6.56791494692857,0.117734790749455,0.213288274261623,3.24332443808117,3.2558011381133,0.219557441877682,3.31168481304647,3.53398900785104,0.316090156188701,0.0257015679912498,-6.24179038953411,-3.09322692795018,0,-0.1184675607767,1.06233203400097,0,-0.0308707626543357,-1.47825788478484,0.979858131729803,2.15644974243774e-05,0.00793846756090641,1,0.907380207348285,0.306067255653021,1,0.975808387627268,0.161482284402617,1,0.00185454677849646,0.555692729263449,1,1,1,1,1,1,FALSE,TRUE,FALSE,FALSE,FALSE,FALSE,FALSE,FALSE,FALSE,TRUE,TRUE,TRUE,TRUE,TRUE,TRUE,TRUE,TRUE,TRUE
"59","Genus:Bradyrhizobium",-1.39552628767124,-1.38890080014728,1.54835513991551,0,-0.421388097124221,-0.270140459088864,0,0.197431011693915,-0.154582163167351,6.56800920319742,0.10442021285973,0.214332562271301,3.24365285713916,3.25559466869758,0.150477411059836,3.30694446663603,3.52765797200985,0.301621539072441,-0.212473253994814,-13.3010722934746,7.22407796327098,0,-0.129435061795577,-1.79522266622095,0,0.0559665968924505,-0.512503727826363,0.834800340645848,2.46887530349523e-09,4.39716656070975e-06,1,0.898854622557587,0.0942290480815887,1,0.95615930670237,0.616288493353771,1,2.51825280956514e-07,0.000431578847574756,1,1,1,1,1,1,FALSE,TRUE,TRUE,FALSE,FALSE,FALSE,FALSE,FALSE,FALSE,TRUE,TRUE,FALSE,TRUE,TRUE,TRUE,TRUE,TRUE,TRUE
"60","Genus:Lachnoanaerobaculum",-2.8002757650448,1.04888633624764,-0.154512984353806,0.653385910010171,0.694604386470187,0.283733730994301,0,-0.541588148130394,1.00136613757412,6.64843244460114,0.103622075882372,0.293013156875678,3.28154673847727,3.29499858705467,0.18988193789221,3.35304107397261,3.57322424092008,0.300742970176277,-0.421193384813402,10.1222285629396,-0.527324390485865,0.199109128128207,0.210805670508976,1.49426393128223,0,-0.151568474748436,3.32964104526595,0.681726190913447,6.54696095962313e-07,0.608439526033274,0.845809966917646,0.83689322855327,0.163228466678059,1,0.88227133315071,0.00671552496297085,1,6.08867369244951e-05,1,1,1,1,1,1,0.537241997037668,FALSE,TRUE,FALSE,FALSE,FALSE,FALSE,FALSE,FALSE,FALSE,TRUE,FALSE,FALSE,TRUE,TRUE,TRUE,TRUE,TRUE,FALSE
"61","Genus:Candidatus_Competibacter",-2.12944901681674,0.689737498830801,1.66541960058365,0,-0.867608630547433,0.537478456029435,0,-0.986800409633229,-1.07217212457167,6.75947182362818,0.0907171646212996,0.21658142168691,3.33647022805598,3.35042829636431,0.14675763167704,3.40198935294657,3.62722233402677,0.292372242988408,-0.315031865266915,7.60316420503355,7.68957737746861,0,-0.258954543659063,3.66235438585046,0,-0.272054017857165,-3.66714744742093,0.759919053096813,3.31575314264359e-05,3.03233674266554e-05,1,0.801495750748481,0.00521640636280766,1,0.791718657615718,0.00517772137426698,1,0.00278523263982062,0.00282007317067896,1,1,0.380797664484959,1,1,0.429750874064159,FALSE,TRUE,TRUE,FALSE,FALSE,FALSE,FALSE,FALSE,FALSE,TRUE,FALSE,FALSE,TRUE,TRUE,TRUE,TRUE,TRUE,TRUE
"62","Family:Leptotrichiaceae",NA,NA,NA,NA,NA,NA,NA,NA,NA,NA,NA,NA,NA,NA,NA,NA,NA,NA,NA,NA,NA,NA,NA,NA,NA,NA,NA,1,1,1,1,1,1,1,1,1,1,1,1,1,1,1,1,1,1,FALSE,FALSE,FALSE,FALSE,FALSE,FALSE,FALSE,FALSE,FALSE,TRUE,TRUE,TRUE,TRUE,TRUE,TRUE,TRUE,TRUE,FALSE
"63","Genus:TM7x",2.37687934711085,-0.0918006736787387,-2.19709969987499,0,-0.633973547658961,-0.993664470298893,0,-0.686707626614476,-0.418606242772086,6.79852901174789,0.0919059690689379,0.258692323719338,3.3563951659305,3.36855906715541,0.134100612269905,3.42278361734232,3.64754854278653,0.292572304884205,0.349616710174156,-0.998854313911643,-8.49309971121786,0,-0.188203185700502,-7.40984290436303,0,-0.188265520954484,-1.43077877086747,0.735651497677131,0.347115339545919,2.83206472112233e-05,1,0.855403696292289,7.54814587372072e-05,1,0.855356435590627,0.190371188271943,1,1,0.00266214083785499,1,1,0.00671784982761144,1,1,1,FALSE,FALSE,TRUE,FALSE,FALSE,TRUE,FALSE,FALSE,FALSE,TRUE,TRUE,FALSE,TRUE,TRUE,FALSE,TRUE,TRUE,TRUE
"64","Genus:Cloacibacterium",0.0420375889119256,0.490424919035307,-0.793576743723467,0,-1.35257665640726,1.07062538160038,0,-0.800519459550679,-0.983461625641064,6.83363372703657,0.0668615411974855,0.205014547336441,3.37215758376268,3.38532252432526,0.110699670226414,3.43887687013471,3.66577255551144,0.292246952344049,0.00615157185636219,7.3349329113842,-3.87083138261969,0,-0.39954144595923,9.67144147232448,0,-0.218376739808123,-3.36517324732708,0.995263428993266,0.000157954809284629,0.00612509935867366,1,0.70140426107983,2.66535450480648e-05,1,0.833365544984738,0.0119991767727098,1,0.0123204751242011,0.447132253183177,1,1,0.00242547259937389,1,1,0.887939081180528,FALSE,TRUE,FALSE,FALSE,FALSE,TRUE,FALSE,FALSE,FALSE,TRUE,FALSE,TRUE,TRUE,TRUE,FALSE,TRUE,TRUE,TRUE
"65","Kingdom:Bacteria",-3.30410489362799,-0.310266618307202,-0.357451925381221,2.00189467353886,1.99356846711148,-0.522192918535106,1.43967193908225,2.07494991416958,-0.633698295790792,4.61320314435024,0.230886400865493,0.353397195783551,2.30133744454922,2.31391730360931,0.355130097451883,2.36635949784514,2.53224754488738,0.341817136756879,-0.71622792021949,-1.34380637899914,-1.01147357603866,0.869883153502932,0.861555624309416,-1.47042709779297,0.608391049793259,0.819410376508771,-1.85391025682108,0.476936732939248,0.184630375649592,0.316300673275457,0.388214656997967,0.392741819045414,0.147249268113824,0.545478829598158,0.416154261577746,0.0692172472456539,1,1,1,1,1,1,1,1,1,FALSE,FALSE,FALSE,FALSE,FALSE,FALSE,FALSE,FALSE,FALSE,TRUE,FALSE,TRUE,TRUE,TRUE,TRUE,TRUE,TRUE,FALSE
"66","Family:Caulobacteraceae",-0.397647435775059,-2.02161247334925,0.340878081737182,0,0.153813229478467,-0.500392074195118,0,0.389833323398189,-0.423041697642343,6.75848418800412,0.0614347301519407,0.206911900836712,3.33614365883643,3.34885961361574,0.123544998713684,3.40161561809032,3.62652989205727,0.287899939323592,-0.0588367782942893,-32.9066713298713,1.64745517468418,0,0.0459300320781128,-4.05028191675147,0,0.107494860100834,-1.4694053032323,0.95436780402584,1.08794987142943e-10,0.1338687464518,1,0.96436900756988,0.0028837068030494,1,0.916754584961001,0.175791164082658,1,1.12058836757231e-08,1,1,1,0.219161717031754,1,1,1,FALSE,TRUE,FALSE,FALSE,FALSE,FALSE,FALSE,FALSE,FALSE,TRUE,TRUE,TRUE,TRUE,TRUE,TRUE,TRUE,TRUE,TRUE
"67","Genus:Desulfovibrio",NA,NA,NA,NA,NA,NA,NA,NA,NA,NA,NA,NA,NA,NA,NA,NA,NA,NA,NA,NA,NA,NA,NA,NA,NA,NA,NA,1,1,1,1,1,1,1,1,1,1,1,1,1,1,1,1,1,1,FALSE,FALSE,FALSE,FALSE,FALSE,FALSE,FALSE,FALSE,FALSE,TRUE,TRUE,TRUE,TRUE,TRUE,TRUE,FALSE,FALSE,TRUE
"68","Genus:Dialister",-1.79872621755417,-0.167766526310931,0.421012577087585,0,-0.361804539123589,1.37280590141096,0,-0.514640560600802,-0.855356102548328,6.90844202459859,0.0568139285565027,0.206536208147211,3.40871760566499,3.42207964771499,0.109383064146063,3.47540877201937,3.70485540008838,0.289660338733246,-0.260366405500622,-2.95291191039682,2.03844440093286,0,-0.105726510300593,12.5504429056568,0,-0.138909756258915,-2.95296244659868,0.804963515581613,0.0317781811927036,0.0970609516711991,1,0.919909989513233,5.70048797572966e-05,1,0.894942976122745,0.0317763241173915,1,1,1,1,1,0.0051304391781567,1,1,1,FALSE,FALSE,FALSE,FALSE,FALSE,TRUE,FALSE,FALSE,FALSE,TRUE,TRUE,TRUE,TRUE,TRUE,FALSE,TRUE,TRUE,TRUE
"69","Genus:Flavobacterium",0.361599255404668,0.986660575007596,-1.6822459359839,0,-0.234658684178425,0.808086843700784,0,-1.32349443614256,-2.1057775068209,6.83496717389436,0.110421438688867,0.218577821816863,3.37339299102959,3.3873900505805,0.157869257638069,3.43994314989319,3.66823374958998,0.303510596449612,0.0529043148569562,8.93540771360258,-7.69632491531269,0,-0.0692741847482878,5.11870934082304,0,-0.360798827580303,-6.93806915295128,0.95928628587998,4.47019138142631e-05,0.000116599885996033,1,0.946708769023419,0.00137070937687163,1,0.728892280884076,0.000223565763071562,1,0.00371025884658384,0.010727189511635,1,1,0.10965675014973,1,1,0.0219094447810131,FALSE,TRUE,TRUE,FALSE,FALSE,FALSE,FALSE,FALSE,TRUE,TRUE,FALSE,FALSE,TRUE,TRUE,TRUE,TRUE,TRUE,FALSE
"70","Family:Micropepsaceae",-1.43421731967813,-0.595250082128394,0.624905435790131,0,-0.823215648080057,0.384185043331938,0,-0.231350059253848,0.982131122519122,6.72024011547578,0.0903899632736461,0.209970297096267,3.31875831183814,3.33031637837801,0.162913603498671,3.38460910006165,3.6095628573852,0.294592678983534,-0.213417570657233,-6.58535594628285,2.97616112579783,0,-0.247188421323801,2.35821340318626,0,-0.0640936502270639,3.3338612687453,0.83528950945993,6.19102876100475e-05,0.0138986155163081,1,0.809763324004484,0.0400752218278374,1,0.950158781920515,0.00756842632152819,1,0.00507664358402389,0.88951139304372,1,1,1,1,1,0.597905679400727,FALSE,TRUE,FALSE,FALSE,FALSE,FALSE,FALSE,FALSE,FALSE,TRUE,TRUE,TRUE,TRUE,TRUE,TRUE,TRUE,TRUE,TRUE
"71","Genus:Aeromonas",-0.0163894385263213,0.670182366126315,-0.0661334167159098,0,-1.24430071819395,0.225162058011469,0,-0.606036025995586,-1.32080602198812,6.52794574999936,0.111953261315486,0.233409544435393,3.2238910058033,3.23698024593292,0.12896631865122,3.28756087165655,3.5062699322932,0.291317256390028,-0.00251065789361422,5.9862692542536,-0.283336385732998,0,-0.384401702715779,1.74589815671487,0,-0.17284351681367,-4.53390931369947,0.998029873076996,2.49377636241075e-05,0.780792028221688,1,0.706075563828064,0.101270601977848,1,0.865085094203663,0.000395657919370162,1,0.00211970990804914,1,1,1,1,1,1,0.0379831602595355,FALSE,TRUE,FALSE,FALSE,FALSE,FALSE,FALSE,FALSE,TRUE,TRUE,FALSE,TRUE,TRUE,TRUE,TRUE,TRUE,TRUE,FALSE
"72","Genus:Acetoanaerobium",NA,NA,NA,NA,NA,NA,NA,NA,NA,NA,NA,NA,NA,NA,NA,NA,NA,NA,NA,NA,NA,NA,NA,NA,NA,NA,NA,1,1,1,1,1,1,1,1,1,1,1,1,1,1,1,1,1,1,FALSE,FALSE,FALSE,FALSE,FALSE,FALSE,FALSE,FALSE,FALSE,TRUE,TRUE,TRUE,TRUE,TRUE,TRUE,TRUE,TRUE,TRUE
"73","Order:Clostridia_UCG-014",-0.437054870777223,-0.0028789979309873,-1.1739014032301,0,-0.391933596325487,0.612928860466168,0,0.0986009333658927,NA,6.9079906333667,0.10760765980798,0.212405413950876,3.40834265609136,3.42185980224598,0.108982011226202,3.47564489081392,3.7047239737945,NA,-0.0632680172822149,-0.026754581747477,-5.52670189236136,0,-0.114538180689997,5.62412873069463,0,0.026614920318855,NA,0.951608172916651,0.979523139517392,0.00147769046270658,1,0.912547962463878,0.00135059170513972,1,0.979630001134303,1,1,1,0.119692927479233,1,1,0.109397928116317,1,1,1,FALSE,FALSE,FALSE,FALSE,FALSE,FALSE,FALSE,FALSE,FALSE,TRUE,TRUE,TRUE,TRUE,TRUE,TRUE,TRUE,TRUE,TRUE
"74","Genus:Proteocatella",-1.57880172378087,0.399394666566554,0.968195285703655,0,-0.425682809778431,0.342946598136739,0,-0.740646459019134,-1.08681930097411,6.90803717306982,0.0657805438158883,0.205932611739836,3.40859175647253,3.42181180947287,0.113291027951043,3.47554653106793,3.70506860196785,0.289352925049627,-0.228545632315884,6.07162305748659,4.70151510984,0,-0.124402753126277,3.02712937060592,0,-0.199900875958345,-3.756033573145,0.828275298521661,0.00175054422140552,0.00532988326521596,1,0.905843020561016,0.0291771357198158,1,0.849433993527958,0.0132113543665483,1,0.115535918612764,0.399741244891197,1,1,1,1,1,0.952015222826769,FALSE,FALSE,FALSE,FALSE,FALSE,FALSE,FALSE,FALSE,FALSE,TRUE,TRUE,TRUE,TRUE,TRUE,TRUE,TRUE,TRUE,FALSE
"75","Genus:dgA-11_gut_group",NA,NA,NA,NA,NA,NA,NA,NA,NA,NA,NA,NA,NA,NA,NA,NA,NA,NA,NA,NA,NA,NA,NA,NA,NA,NA,NA,1,1,1,1,1,1,1,1,1,1,1,1,1,1,1,1,1,1,FALSE,FALSE,FALSE,FALSE,FALSE,FALSE,FALSE,FALSE,FALSE,TRUE,TRUE,TRUE,TRUE,TRUE,TRUE,TRUE,TRUE,TRUE
"76","Genus:Methylobacterium-Methylorubrum",0.136342336231524,-2.21937414927326,-0.385114721018966,0,0.374622325248769,-0.958778681744371,0,2.15771955459748,-0.464741737512241,6.90815147145005,0.0710703822109059,0.20638342030086,3.4086346167882,3.42192524742622,0.118829676979513,3.47584517178918,3.70519923037416,0.290248684852222,0.0197364427799533,-31.2278347214614,-1.86601578972553,0,0.109477062811509,-8.06851205957307,0,0.582349131703667,-1.60118464532875,0.985016995814129,6.32171202306043e-07,0.121031503898336,1,0.917082211603655,0.000473577622491357,1,0.585602380923768,0.170235233719528,1,5.9424093016768e-05,1,1,1,0.0402540979117653,1,1,1,FALSE,TRUE,FALSE,FALSE,FALSE,TRUE,FALSE,FALSE,FALSE,TRUE,TRUE,TRUE,TRUE,TRUE,FALSE,TRUE,TRUE,TRUE
"77","Genus:Comamonas",-4.79689045334604,1.80411147824182,0.571355563125811,2.74663249003192,1.05600175454181,1.53767505538315,0,-1.28198925692057,-0.501221636855616,6.7203495942441,0.0998805778843673,0.20925857320126,3.31768622410747,3.32991030633792,0.146494745866202,3.38379548480408,3.60723237809528,0.293044833402186,-0.71378585088111,18.0626856237301,2.7303806691652,0.827875906429584,0.317126185811039,10.4964519122587,0,-0.35539414225304,-1.71039233497668,0.493453277994507,2.22574183861386e-08,0.0232100758468866,0.4291462197425,0.758380997979878,2.38727689948359e-06,1,0.730481260428115,0.121358403186225,1,2.22574183861387e-06,1,1,1,0.000229178582350424,1,1,1,FALSE,TRUE,FALSE,FALSE,FALSE,TRUE,FALSE,FALSE,FALSE,TRUE,FALSE,TRUE,TRUE,TRUE,FALSE,TRUE,TRUE,TRUE
"78","Genus:Cloacibacillus",-2.34001732041822,0.841510029810076,1.57252730461965,0,-0.484624221112238,0.186517358199796,0,-0.92099325872331,-1.52534768094221,6.90902479360098,0.0851706816995481,0.214239436809158,3.40951732533576,3.42325742224799,0.111402928600783,3.47540626573388,3.70503140051479,0.291404391401356,-0.338689958470768,9.88027820158378,7.34004592263951,0,-0.141568150254384,1.67425902121647,0,-0.248579069692998,-5.23447046767845,0.748603265092392,0.000181107121888253,0.00073637889476555,1,0.892948318539362,0.154933915890242,1,0.813573674541873,0.00336923213030528,1,0.0139452483853955,0.0640649638446029,1,1,1,1,1,0.286384731075949,FALSE,TRUE,FALSE,FALSE,FALSE,FALSE,FALSE,FALSE,FALSE,TRUE,FALSE,TRUE,TRUE,TRUE,TRUE,TRUE,TRUE,FALSE
"79","Kingdom:Archaea",-0.0245768059757198,-0.0601637593469638,-0.776929396804888,0,0.837389338319328,-0.679897526271622,0,0.401277919772602,-0.838327339594303,6.4915950592099,0.108543143755669,0.230995598893694,3.2066746448917,3.2215242239673,0.176200195711131,3.26904577250375,3.48699648002573,0.304291540352276,-0.00378594255364891,-0.554284289778749,-3.36339480286998,0,0.259935757145443,-3.85866498914831,0,0.115078383953414,-2.75501362484077,0.99702606463673,0.587048851918305,0.00395400909986355,1,0.798228590245421,0.00138970447281213,1,0.909814836666331,0.0140880891549864,1,1,0.304458700689493,1,1,0.109786653352158,1,1,0.986166240849051,FALSE,FALSE,FALSE,FALSE,FALSE,FALSE,FALSE,FALSE,FALSE,TRUE,TRUE,TRUE,TRUE,TRUE,TRUE,TRUE,TRUE,FALSE
"80","Genus:Aquaspirillum",-0.436612989087674,1.14913639721702,-0.207385059750466,0,-1.14184419307475,-0.0222544499688816,0,0.150081628013064,-1.12742311743173,6.94606886585735,0.0781867128990745,0.228447907730958,3.42690386517518,3.44080464067881,0.11993798192198,3.49398076985195,3.72452336132469,0.292981188983527,-0.0628575669950232,14.6973360895778,-0.9078002149825,0,-0.331853828483993,-0.185549645010353,0,0.0402955260185788,-3.84810752302301,0.952895589999193,0.000124712742701269,0.415329579052328,1,0.75665960397313,0.861826988340196,1,0.969788574416589,0.0183321762755995,1,0.00997701941610155,1,1,1,1,1,1,1,FALSE,TRUE,FALSE,FALSE,FALSE,FALSE,FALSE,FALSE,FALSE,TRUE,FALSE,TRUE,TRUE,TRUE,TRUE,TRUE,TRUE,TRUE
"81","Genus:Methanosaeta",-2.79863851070218,-0.577230494480405,1.78653079246083,0,0.09821783430281,0.713622953393999,0,0.100474105571956,-1.02063908619493,6.72072487440952,0.105779403196721,0.215689159579695,3.31807585267421,3.33070224100706,0.143010156375857,3.38369344138984,3.60754389903903,0.295300755905038,-0.416419145702355,-5.4569271241483,8.28289560746665,0,0.0294886264804965,4.99001589452477,0,0.0278511110006784,-3.45626980556443,0.685900060391586,0.000278128126268888,8.67382969933659e-06,1,0.977055114311164,0.000545303410048885,1,0.978328880209861,0.00616112418366456,1,0.0205814813438977,0.000841361480835649,1,1,0.0452601830340574,1,1,0.499051058876829,FALSE,TRUE,TRUE,FALSE,FALSE,TRUE,FALSE,FALSE,FALSE,TRUE,FALSE,FALSE,TRUE,TRUE,FALSE,TRUE,TRUE,FALSE
"82","Genus:Coprococcus",NA,NA,NA,NA,NA,NA,NA,NA,NA,NA,NA,NA,NA,NA,NA,NA,NA,NA,NA,NA,NA,NA,NA,NA,NA,NA,NA,1,1,1,1,1,1,1,1,1,1,1,1,1,1,1,1,1,1,FALSE,FALSE,FALSE,FALSE,FALSE,FALSE,FALSE,FALSE,FALSE,TRUE,TRUE,TRUE,TRUE,TRUE,TRUE,TRUE,TRUE,TRUE
"83","Genus:Capnocytophaga",0.694738513835808,0.0666459933778766,-1.27145168127193,0,-0.399396818870195,-0.625686468944094,0,-0.000786546528469173,-0.324781765880208,6.87186265031674,0.0822119235921516,0.218653874820416,3.39506272852253,3.40507867734556,0.108613666607335,3.45826606667089,3.68612472136819,0.291260021867218,0.101099010441337,0.810660917125638,-5.81490578347263,0,-0.117294446535828,-5.76066059169243,0,-0.000213380335155135,-1.11509215647959,0.922765639967494,0.448512614265616,0.00113616762046626,1,0.910454590544636,0.00119290238845957,1,0.999836664706985,0.307471564854894,1,1,0.0943019124986993,1,1,0.0978179958536847,1,1,1,FALSE,FALSE,FALSE,FALSE,FALSE,FALSE,FALSE,FALSE,FALSE,TRUE,TRUE,TRUE,TRUE,TRUE,TRUE,TRUE,TRUE,TRUE
"84","Genus:Stomatobaculum",-2.96131827597991,-0.0270716492831486,0.754446342388669,0,0.67165971760986,0.308080664340346,0,-0.221100974117708,1.4924260329103,6.87290997248579,0.124068688292443,0.239138359369997,3.3920310526618,3.40480129493215,0.134188966774306,3.45909505775312,3.68673246296947,0.306209477320244,-0.430868189432846,-0.218198883664651,3.15485288255818,0,0.197268404065044,2.29587179740724,0,-0.0599720691258468,4.87387276831237,0.681613016744263,0.834506125654685,0.0196931165587353,1,0.850130512359835,0.0614472557977911,1,0.954125526159924,0.00278343680241269,1,1,1,1,1,1,1,1,0.239375565007491,FALSE,FALSE,FALSE,FALSE,FALSE,FALSE,FALSE,FALSE,FALSE,TRUE,TRUE,TRUE,TRUE,TRUE,TRUE,TRUE,TRUE,TRUE
"85","Genus:Subdoligranulum",NA,NA,NA,NA,NA,NA,NA,NA,NA,NA,NA,NA,NA,NA,NA,NA,NA,NA,NA,NA,NA,NA,NA,NA,NA,NA,NA,1,1,1,1,1,1,1,1,1,1,1,1,1,1,1,1,1,1,FALSE,FALSE,FALSE,FALSE,FALSE,FALSE,FALSE,FALSE,FALSE,TRUE,TRUE,TRUE,TRUE,TRUE,TRUE,TRUE,TRUE,FALSE
"86","Order:Saccharimonadales",-1.28265385160713,-0.292593797639929,0.387890385564774,0,-0.105912561008482,0.780661679363906,0,-0.65493645752282,-1.0653343345773,6.83365377149096,0.088287189522076,0.209995725045951,3.37248759467138,3.38574348379359,0.118287529381971,3.43903861737637,3.66618594656676,0.290110075166038,-0.187696639967067,-3.31411385076163,1.84713467609827,0,-0.0312819212428377,6.59969553377866,0,-0.178642454874975,-3.67217282601295,0.856439347655238,0.0128686200763792,0.107216918441876,1,0.975917944112507,0.000304392866624561,1,0.863278817183654,0.0079413965806613,1,0.77211720458275,1,1,1,0.0264821793963368,1,1,0.619428933291581,FALSE,FALSE,FALSE,FALSE,FALSE,TRUE,FALSE,FALSE,FALSE,TRUE,TRUE,TRUE,TRUE,TRUE,FALSE,TRUE,TRUE,TRUE
"87","Genus:Nesterenkonia",-0.894257865851442,-0.832796806163441,0.403448799137455,0,-0.0863422140357029,-0.24828215660153,0,0.465367553907958,0.145672857427064,6.79649548150916,0.0650881967622982,0.2102642866593,3.35436299444173,3.36712596709955,0.137222347103012,3.42064006780666,3.64658119169782,0.289882286172742,-0.131576320220384,-12.7948975019974,1.91876997062835,0,-0.0256427038606097,-1.80934200473299,0,0.127617494152458,0.502524177487192,0.898568278083685,1.31310689465846e-06,0.0912885436997422,1,0.980170427808339,0.107999273191362,1,0.901601264955095,0.628837496681667,1,0.000120805834308578,1,1,1,1,1,1,1,FALSE,TRUE,FALSE,FALSE,FALSE,FALSE,FALSE,FALSE,FALSE,TRUE,FALSE,TRUE,TRUE,TRUE,TRUE,TRUE,TRUE,TRUE
"88","Genus:Phascolarctobacterium",0.754971653591254,0.141221929606448,-1.42750658663243,0,-0.0965448327187561,0.337149030892674,0,-0.91167666761317,-1.73621884253178,6.83333062263675,0.0667291534847685,0.204817949416426,3.37210359487292,3.38531128601374,0.112786921186662,3.4389439785479,3.66588606157259,0.287410308670752,0.110483700450592,2.11634528885014,-6.96963616079418,0,-0.0285187460064977,2.98925644343721,0,-0.248692035786317,-6.04090664166378,0.915126719153314,0.0721096067628356,0.000217350408352443,1,0.978044454438802,0.0202476506069565,1,0.810737696171067,0.000520634625701791,1,1,0.019126835935015,1,1,1,1,1,0.0484190201902665,FALSE,FALSE,TRUE,FALSE,FALSE,FALSE,FALSE,FALSE,TRUE,TRUE,TRUE,FALSE,TRUE,TRUE,TRUE,TRUE,TRUE,FALSE
"89","Genus:unidentified_Chloroplast",-2.05881879651626,-0.715169755208906,0.944181838572901,0,-0.426710161999083,1.09191330774405,0,-0.0629881589303488,-0.141653398020393,6.94570468534279,0.0617815612323354,0.211867229857755,3.42673745228982,3.44050872007983,0.107528400424141,3.49369920595067,3.7243624891831,0.291601360821412,-0.296416114676008,-11.5757799081743,4.45647889580099,0,-0.124025310416647,10.1546503383017,0,-0.0169124673318694,-0.485777561604547,0.781665570790488,0.000318160643539223,0.0111906361772802,1,0.907277910936604,0.000529569022075204,1,0.98731640530361,0.652534790777575,1,0.0232257269783633,0.738581987700494,1,1,0.0444837978543171,1,1,1,FALSE,TRUE,FALSE,FALSE,FALSE,TRUE,FALSE,FALSE,FALSE,TRUE,FALSE,TRUE,TRUE,TRUE,FALSE,TRUE,TRUE,TRUE
"90","Family:Dermacoccaceae",NA,NA,NA,NA,NA,NA,NA,NA,NA,NA,NA,NA,NA,NA,NA,NA,NA,NA,NA,NA,NA,NA,NA,NA,NA,NA,NA,1,1,1,1,1,1,1,1,1,1,1,1,1,1,1,1,1,1,FALSE,FALSE,FALSE,FALSE,FALSE,FALSE,FALSE,FALSE,FALSE,TRUE,TRUE,TRUE,TRUE,TRUE,TRUE,TRUE,TRUE,TRUE
"91","Genus:Prevotella_9",NA,NA,NA,NA,NA,NA,NA,NA,NA,NA,NA,NA,NA,NA,NA,NA,NA,NA,NA,NA,NA,NA,NA,NA,NA,NA,NA,1,1,1,1,1,1,1,1,1,1,1,1,1,1,1,1,1,1,FALSE,FALSE,FALSE,FALSE,FALSE,FALSE,FALSE,FALSE,FALSE,TRUE,TRUE,TRUE,TRUE,TRUE,TRUE,TRUE,TRUE,TRUE
"92","Genus:Laribacter",NA,NA,NA,NA,NA,NA,NA,NA,NA,NA,NA,NA,NA,NA,NA,NA,NA,NA,NA,NA,NA,NA,NA,NA,NA,NA,NA,1,1,1,1,1,1,1,1,1,1,1,1,1,1,1,1,1,1,FALSE,FALSE,FALSE,FALSE,FALSE,FALSE,FALSE,FALSE,FALSE,TRUE,TRUE,TRUE,TRUE,TRUE,TRUE,TRUE,TRUE,FALSE
"93","Family:Comamonadaceae",-2.2361700467008,-0.23473712101968,1.58448837567618,0,-0.50093092779311,0.513582983733595,0,-0.570403801437301,-0.701266155125134,6.8335581191952,0.0660641350177516,0.206297306337823,3.37216351357016,3.38541399681388,0.112179585753816,3.43871676201973,3.66597909058734,0.288082679544986,-0.32723363256683,-3.55317027849687,7.68060622702216,0,-0.147967406132471,4.57822143202309,0,-0.155593850194578,-2.43425309787022,0.753059498557202,0.0093041403260554,0.000118120991874533,1,0.886540546224777,0.0025491300049614,1,0.88074500157128,0.0451379458591809,1,0.576856700215435,0.0107490102605825,1,1,0.196283010382028,1,1,1,FALSE,FALSE,TRUE,FALSE,FALSE,FALSE,FALSE,FALSE,FALSE,TRUE,TRUE,FALSE,TRUE,TRUE,TRUE,TRUE,TRUE,FALSE
"94","Genus:Hydrogenophaga",NA,NA,NA,NA,NA,NA,NA,NA,NA,NA,NA,NA,NA,NA,NA,NA,NA,NA,NA,NA,NA,NA,NA,NA,NA,NA,NA,1,1,1,1,1,1,1,1,1,1,1,1,1,1,1,1,1,1,FALSE,FALSE,FALSE,FALSE,FALSE,FALSE,FALSE,FALSE,FALSE,TRUE,TRUE,TRUE,TRUE,TRUE,TRUE,TRUE,TRUE,FALSE
"95","Genus:UCG-005",NA,NA,NA,NA,NA,NA,NA,NA,NA,NA,NA,NA,NA,NA,NA,NA,NA,NA,NA,NA,NA,NA,NA,NA,NA,NA,NA,1,1,1,1,1,1,1,1,1,1,1,1,1,1,1,1,1,1,FALSE,FALSE,FALSE,FALSE,FALSE,FALSE,FALSE,FALSE,FALSE,TRUE,TRUE,TRUE,TRUE,TRUE,TRUE,TRUE,TRUE,TRUE
"96","Genus:Sphingomonas",-0.358687551550751,0.135220045444973,-0.570893415344916,0,-0.237513049700328,-0.0533756585963455,0,1.03411943292457,0.0193463867498956,6.87150112237772,0.0815114787584451,0.211200877059392,3.39122258667001,3.40443852043367,0.147610926761257,3.45791346698585,3.68581897364362,0.29490609093169,-0.0521993004385388,1.65890801522189,-2.70308259744762,0,-0.069765703881788,-0.361596934369732,0,0.280567070797374,0.0656018554543074,0.960064390816051,0.14820585679065,0.0354304314704546,1,0.946647243575215,0.730045855274076,1,0.788465575294263,0.949826020641977,1,1,1,1,1,1,1,1,1,FALSE,FALSE,FALSE,FALSE,FALSE,FALSE,FALSE,FALSE,FALSE,TRUE,TRUE,FALSE,TRUE,TRUE,TRUE,TRUE,TRUE,TRUE
"97","Genus:Rikenellaceae_RC9_gut_group",NA,NA,NA,NA,NA,NA,NA,NA,NA,NA,NA,NA,NA,NA,NA,NA,NA,NA,NA,NA,NA,NA,NA,NA,NA,NA,NA,1,1,1,1,1,1,1,1,1,1,1,1,1,1,1,1,1,1,FALSE,FALSE,FALSE,FALSE,FALSE,FALSE,FALSE,FALSE,FALSE,TRUE,TRUE,FALSE,TRUE,TRUE,TRUE,TRUE,TRUE,FALSE
"98","Genus:Allorhizobium-Neorhizobium-Pararhizobium-Rhizobium",NA,NA,NA,NA,NA,NA,NA,NA,NA,NA,NA,NA,NA,NA,NA,NA,NA,NA,NA,NA,NA,NA,NA,NA,NA,NA,NA,1,1,1,1,1,1,1,1,1,1,1,1,1,1,1,1,1,1,FALSE,FALSE,FALSE,FALSE,FALSE,FALSE,FALSE,FALSE,FALSE,TRUE,TRUE,TRUE,TRUE,TRUE,FALSE,TRUE,TRUE,FALSE
"99","Genus:Christensenellaceae_R-7_group",-2.18076849037366,0.920202789358166,-0.0799691040483547,0,-0.314175192144721,1.39643550647252,0,-0.413324643669326,-1.16095191813547,6.83404605313177,0.0841170937705068,0.210396165065819,3.37346232268078,3.38595113831119,0.13013065191205,3.43918392438722,3.66574898789517,0.293513703209031,-0.319103569601247,10.9395456750886,-0.380088220825402,0,-0.092787869437898,10.7310267485351,0,-0.112753122222548,-3.9553584907369,0.758959431844289,1.18012912834398e-05,0.71514973069834,1,0.928671875594882,1.34123679879713e-05,1,0.913391688725933,0.00549419619155631,1,0.00102671234165926,1,1,1,0.00123393785489336,1,1,0.450524087707617,FALSE,TRUE,FALSE,FALSE,FALSE,TRUE,FALSE,FALSE,FALSE,TRUE,FALSE,TRUE,TRUE,TRUE,FALSE,TRUE,TRUE,TRUE
"100","Family:Rhodobacteraceae",NA,NA,NA,NA,NA,NA,NA,NA,NA,NA,NA,NA,NA,NA,NA,NA,NA,NA,NA,NA,NA,NA,NA,NA,NA,NA,NA,1,1,1,1,1,1,1,1,1,1,1,1,1,1,1,1,1,1,FALSE,FALSE,FALSE,FALSE,FALSE,FALSE,FALSE,FALSE,FALSE,TRUE,TRUE,TRUE,TRUE,TRUE,FALSE,TRUE,TRUE,TRUE
"101","Genus:Microbacterium",NA,NA,NA,NA,NA,NA,NA,NA,NA,NA,NA,NA,NA,NA,NA,NA,NA,NA,NA,NA,NA,NA,NA,NA,NA,NA,NA,1,1,1,1,1,1,1,1,1,1,1,1,1,1,1,1,1,1,FALSE,FALSE,FALSE,FALSE,FALSE,FALSE,FALSE,FALSE,FALSE,TRUE,TRUE,TRUE,TRUE,TRUE,TRUE,TRUE,TRUE,TRUE
"102","Genus:Treponema",-2.12825454248005,1.79225967988024,0.0190633562902654,0,-2.71339428382105,2.4807011271722,0,-3.77157288792682,0.153447236406495,7.01829629675436,0.0493729882524901,0.206694274296507,3.46196314291459,3.47589599549475,0.0994966658092019,3.52970193825909,3.76240786255034,0.289437253976437,-0.303243757814026,36.3004092584947,0.0922297260296557,0,-0.78063160904066,24.932505094485,0,-1.00243594679559,0.530157173267636,0.790340031463468,0.000758023954884026,0.934921982106675,1,0.516744291553431,0.00160480308895103,1,0.421713275800223,0.648976932948497,1,0.0523036528869978,1,1,1,0.12517464093818,1,1,1,FALSE,FALSE,FALSE,FALSE,FALSE,FALSE,FALSE,FALSE,FALSE,TRUE,TRUE,TRUE,TRUE,TRUE,TRUE,TRUE,TRUE,TRUE
"103","Family:Mitochondria",-1.16094642358462,1.42026109953623,-1.19809024845927,0,0.00341375769392753,0.544039712631531,0,-0.439109865723599,-0.111533936041485,6.8375070978518,0.0785450084171628,0.225483424196415,3.37398994500421,3.38946861703075,0.12420541420075,3.43900180197435,3.66646294547491,0.301527883893171,-0.169790891178652,18.082130591839,-5.31342936949383,0,0.00100716604271677,4.38016101095412,0,-0.119763890227103,-0.36989592670972,0.869977409582758,3.91201459592599e-07,0.00110712470979813,1,0.99922449951781,0.00323383356941853,1,0.908035021541343,0.722397427875076,1,3.75553401208895e-05,0.0929984756230427,1,1,0.24253751770639,1,1,1,FALSE,TRUE,FALSE,FALSE,FALSE,FALSE,FALSE,FALSE,FALSE,TRUE,FALSE,TRUE,TRUE,TRUE,TRUE,TRUE,TRUE,TRUE
