"","taxon","lfc_(Intercept)","lfc_BronchiolitisYes","lfc_Wheezing.treatmentYes","lfc_Respiratory.syncytial.virusYes","lfc_Family.history.atopyNo","lfc_Family.history.atopyYes","lfc_BreastfeedingNo","lfc_BreastfeedingYes","lfc_Cesarean.sectionNo","lfc_Cesarean.sectionYes","lfc_Age_olderYes","se_(Intercept)","se_BronchiolitisYes","se_Wheezing.treatmentYes","se_Respiratory.syncytial.virusYes","se_Family.history.atopyNo","se_Family.history.atopyYes","se_BreastfeedingNo","se_BreastfeedingYes","se_Cesarean.sectionNo","se_Cesarean.sectionYes","se_Age_olderYes","W_(Intercept)","W_BronchiolitisYes","W_Wheezing.treatmentYes","W_Respiratory.syncytial.virusYes","W_Family.history.atopyNo","W_Family.history.atopyYes","W_BreastfeedingNo","W_BreastfeedingYes","W_Cesarean.sectionNo","W_Cesarean.sectionYes","W_Age_olderYes","p_(Intercept)","p_BronchiolitisYes","p_Wheezing.treatmentYes","p_Respiratory.syncytial.virusYes","p_Family.history.atopyNo","p_Family.history.atopyYes","p_BreastfeedingNo","p_BreastfeedingYes","p_Cesarean.sectionNo","p_Cesarean.sectionYes","p_Age_olderYes","q_(Intercept)","q_BronchiolitisYes","q_Wheezing.treatmentYes","q_Respiratory.syncytial.virusYes","q_Family.history.atopyNo","q_Family.history.atopyYes","q_BreastfeedingNo","q_BreastfeedingYes","q_Cesarean.sectionNo","q_Cesarean.sectionYes","q_Age_olderYes","diff_(Intercept)","diff_BronchiolitisYes","diff_Wheezing.treatmentYes","diff_Respiratory.syncytial.virusYes","diff_Family.history.atopyNo","diff_Family.history.atopyYes","diff_BreastfeedingNo","diff_BreastfeedingYes","diff_Cesarean.sectionNo","diff_Cesarean.sectionYes","diff_Age_olderYes","passed_ss_(Intercept)","passed_ss_BronchiolitisYes","passed_ss_Wheezing.treatmentYes","passed_ss_Respiratory.syncytial.virusYes","passed_ss_Family.history.atopyNo","passed_ss_Family.history.atopyYes","passed_ss_BreastfeedingNo","passed_ss_BreastfeedingYes","passed_ss_Cesarean.sectionNo","passed_ss_Cesarean.sectionYes","passed_ss_Age_olderYes"
"1","Genus:Moraxella",0.829895895318793,1.48983662408441,1.46473894619735,-0.814504304945826,0.18202142960113,0.600999180942922,0,-0.408905883494098,-1.96882616787044,-2.58373390918454,0.341100101124842,6.49992500112885,1.42183699136443,0.628579444367749,0.825991870579335,2.34906579896671,2.3004608517308,3.1453670906703,2.67715026918866,2.55681424208136,2.86786991545049,0.655648608747537,0.127677764770311,1.04782519594931,2.33023678919479,-0.986092398675241,0.077486730972456,0.261251644639268,0,-0.152739234775201,-0.770030976621803,-0.900924374311686,0.520248341221121,0.89878643153657,0.298484437190435,0.022814004277167,0.327635510469971,0.938467286753847,0.794699854143135,1,0.879062975496608,0.443988125017369,0.370855625133044,0.604605389834646,1,1,1,1,1,1,1,1,1,1,1,FALSE,FALSE,FALSE,FALSE,FALSE,FALSE,FALSE,FALSE,FALSE,FALSE,FALSE,TRUE,TRUE,FALSE,TRUE,TRUE,TRUE,TRUE,TRUE,TRUE,TRUE,TRUE
"2","Genus:Haemophilus",5.74889950067391,3.35452484734992,1.71916547214408,-1.83362102804645,-3.15794449472897,-2.33317877676801,-0.55423925331251,0.456878603844638,-5.37320370208256,-5.28996588761168,-1.2454636556812,5.72407513908819,1.35157001926576,0.644595871498263,0.740201630076254,2.09547677265506,2.08376100204098,3.00185401506849,2.44183099942595,2.44609873408362,2.58341236312294,0.826088881521937,1.00433683363382,2.48194677266686,2.6670438768839,-2.47719128618719,-1.50702910952705,-1.11969596056493,-0.184632314073362,0.187104924113113,-2.19664219894849,-2.04766608812576,-1.50766301730951,0.31848915892871,0.0153357240091954,0.00939416385085735,0.0155253203730874,0.136060516237495,0.26646447289089,0.854022503800817,0.852090415384519,0.0311780822744174,0.0441421627763639,0.135898344095297,1,1,0.683727635024155,0.976434115379845,1,1,1,1,1,1,1,FALSE,FALSE,FALSE,FALSE,FALSE,FALSE,FALSE,FALSE,FALSE,FALSE,FALSE,TRUE,FALSE,FALSE,FALSE,TRUE,TRUE,TRUE,TRUE,TRUE,TRUE,TRUE
"3","Genus:Bifidobacterium",-0.371293955822881,-2.26280299119231,-0.440953780428532,1.14813000702171,1.39456114262129,1.81908299198082,0,0.610901216056262,0.461142290885657,0.330641267497576,-1.13046174862737,7.77435834494361,0.734627843283282,0.259191660420375,0.300579383985049,2.63895349619024,2.65373459685443,3.29285819761173,2.90403707936078,2.88926519077703,3.11011202404277,0.283267894820168,-0.0477587910601482,-3.08020314215037,-1.70126530966838,3.8197230688277,0.528452337123244,0.685480377026793,0,0.210362746535843,0.159605387680471,0.106311690685592,-3.99078670509076,0.962098736526608,0.0033577374149171,0.0951049741526808,0.000370100962907796,0.599523348336296,0.496206852024755,1,0.834239488014303,0.873834944172375,0.915760454347079,0.000215438295997567,1,0.339131478906627,1,0.0292379760697159,1,1,1,1,1,1,0.0109873530958759,FALSE,FALSE,FALSE,TRUE,FALSE,FALSE,FALSE,FALSE,FALSE,FALSE,TRUE,TRUE,FALSE,TRUE,FALSE,TRUE,TRUE,FALSE,FALSE,TRUE,TRUE,FALSE
"4","Genus:Burkholderia-Caballeronia-Paraburkholderia",-0.608863102785892,-1.71788012570537,-0.911285507203815,1.04065544512079,0.849037424277676,0.611742984279763,0.285435485659794,0.464899311970869,1.41413590968257,1.54736417539437,-0.340183999009301,5.0129917667812,1.36224163722003,0.500219945703813,0.495003273974433,1.86611477003296,1.8211101063183,2.87430688178248,2.51227959617373,2.08868593216397,2.2881794910269,0.533855566847384,-0.121457032269741,-1.26106857900123,-1.82176963359914,2.1023203276319,0.454975994998784,0.33591762637379,0.099305849166246,0.185050785222681,0.677045738617803,0.676242480741728,-0.637221039050345,0.903637454725766,0.210995567643009,0.0722749082610011,0.0387103391920472,0.650374386842301,0.737823526035966,0.921146996470131,0.853663461574643,0.500354731099489,0.500861759871262,0.525823292181021,1,1,1,1,1,1,1,1,1,1,1,FALSE,FALSE,FALSE,FALSE,FALSE,FALSE,FALSE,FALSE,FALSE,FALSE,FALSE,TRUE,TRUE,TRUE,TRUE,TRUE,TRUE,TRUE,TRUE,TRUE,TRUE,TRUE
"5","Genus:Streptococcus",1.02677810165893,1.36225191257774,0.454044448374941,-0.680027571853393,-2.56108398179134,-2.29476258866141,-0.012409178018018,0.871633432173694,0.521680345577852,-0.741082273313351,0.0088760720643337,5.20897650694796,0.898974161823288,0.446721584733679,0.486569188963389,1.86578717248491,1.8663729762186,2.64190316609608,2.14449392590274,2.19875612809178,2.38951647658591,0.533559989472905,0.197117053664836,1.51534045184885,1.01639245537157,-1.39759686243627,-1.37265601326887,-1.2295305482352,-0.00469706012592238,0.406451807415016,0.237261576630874,-0.310139009533926,0.0166355653337167,0.844248682043195,0.133728385026821,0.312584920009773,0.166196666746483,0.173793301263756,0.222568925463876,0.996264294496326,0.68552371148884,0.813075934858399,0.757282388098892,0.986769830546218,1,1,1,1,1,1,1,1,1,1,1,FALSE,FALSE,FALSE,FALSE,FALSE,FALSE,FALSE,FALSE,FALSE,FALSE,FALSE,TRUE,FALSE,TRUE,TRUE,TRUE,TRUE,TRUE,TRUE,TRUE,TRUE,TRUE
"6","Genus:Escherichia-Shigella",0.72121517349978,-0.409551873835746,-0.556759601392257,-0.745948546884839,0,0.241244533039267,0,0.330308813904734,0.77266185784175,0.737237151225991,-0.916335803718969,8.78976362239275,0.67606777932795,0.195824109223155,0.299212217989458,2.95438019228928,2.97502185999479,3.63678761357887,3.21183391107059,3.24827683887399,3.49015164029787,0.208136259023958,0.0820517142989393,-0.60578522798833,-2.84316166993407,-2.49304173438239,0,0.0810900034999036,0,0.102841187636204,0.237868228654302,0.211233558655082,-4.40257650452673,0.935060104807895,0.548458020722334,0.00731644122799071,0.0174012635848773,1,0.935819528492648,1,0.918659762940488,0.813331967857073,0.833896264936214,9.16786522065702e-05,1,1,0.562766273186578,1,1,1,1,1,1,1,0.00516553926258829,FALSE,FALSE,FALSE,FALSE,FALSE,FALSE,FALSE,FALSE,FALSE,FALSE,TRUE,TRUE,FALSE,TRUE,TRUE,TRUE,TRUE,TRUE,TRUE,TRUE,TRUE,FALSE
"7","Genus:[Ruminococcus]_gnavus_group",-1.08139405974936,2.32975298251884,-0.843950406045514,-1.69853262557691,0,1.21293806011102,0,0.665407235043943,0,0.56374843688434,-0.100952635037157,10.4991365245053,0.568279739244184,0.110340719709033,0.115407709202255,3.48953107697734,3.52534139530824,4.24687852529496,3.7585856789151,3.84960242973076,4.1145783117551,0.0822610619764542,-0.102998380602571,4.09965870966546,-7.64858529354351,-14.7176703992989,0,0.344062581208526,0,0.177036601500597,0,0.137012445546059,-1.22722260826213,0.920852900026296,0.00457500381657915,0.000121289443341049,1.59924464054131e-06,1,0.740903314581845,1,0.864493200533956,1,0.894878474139965,0.259406453125902,1,0.452925377841336,0.0127353915508102,0.000159924464054131,1,1,1,1,1,1,1,FALSE,FALSE,TRUE,TRUE,FALSE,FALSE,FALSE,FALSE,FALSE,FALSE,FALSE,TRUE,TRUE,FALSE,FALSE,TRUE,TRUE,TRUE,TRUE,TRUE,TRUE,TRUE
"8","Genus:Collinsella",1.12711555717723,-1.56924041165881,-0.316524282285688,0.877943858343679,0,-0.487267462806075,0,1.16212337246348,0,0.245538204963079,-1.60578174081486,9.56909424131636,0.555106174239516,0.139174869505569,0.163139602273642,3.19393833170924,3.22548972789753,3.89486215439001,3.4435829836951,3.51841494965379,3.76849265001886,0.138323931645945,0.117787068321545,-2.82691939755244,-2.27429192791894,5.38154958151154,0,-0.151067745958593,0,0.337475059542917,0,0.0651555483229747,-11.6088497609006,0.907216616330749,0.00932641112685901,0.0321758762386458,1.58667307862424e-05,1,0.881184875098083,1,0.738692630707267,1,0.948589846837673,2.47420651966604e-11,1,0.858029823671029,1,0.0014597392323343,1,1,1,1,1,1,2.69688510643598e-09,FALSE,FALSE,FALSE,TRUE,FALSE,FALSE,FALSE,FALSE,FALSE,FALSE,TRUE,TRUE,FALSE,TRUE,FALSE,TRUE,TRUE,TRUE,TRUE,TRUE,TRUE,FALSE
"9","Genus:Staphylococcus",-1.78850468230966,0.207514528384577,-0.626145092970702,1.42153126752061,0,0.463699761663932,-0.342367260992464,1.46211798946705,0,-0.0611320584239667,-0.144816692322534,7.662742997402,0.84256588426512,0.484762168502652,0.584304107515935,2.62870715425329,2.65092231738822,3.31567065339345,2.83939624766311,2.8900435994813,3.16002668733777,0.613428788152783,-0.233402670938597,0.246288785553631,-1.29165420417348,2.43286201352237,0,0.174920162172381,-0.103257318588644,0.514939748430818,0,-0.019345424729773,-0.236077430859774,0.816347878826702,0.806410076671036,0.202081478326627,0.0183877951836323,1,0.861808893931934,0.918148474902142,0.608736147272975,1,0.984638193368285,0.814282539397237,1,1,1,1,1,1,1,1,1,1,1,FALSE,FALSE,FALSE,FALSE,FALSE,FALSE,FALSE,FALSE,FALSE,FALSE,FALSE,TRUE,TRUE,FALSE,TRUE,TRUE,TRUE,TRUE,TRUE,TRUE,TRUE,TRUE
"10","Genus:Dolosigranulum",5.62205019083177,-3.64393150402462,-1.81481968146781,-0.401937364345393,0,-0.133704151677017,-2.05808850425286,-1.42084689460536,1.13783217994831,1.43380931867163,-1.14887655785737,9.04748492517135,0.793060101347354,0.300117799409553,0.311789583943215,3.039676972047,3.06504467455123,3.76169104733706,3.30510602520132,3.3658620425616,3.6085644559089,0.323196311287919,0.621393706353735,-4.59477345769108,-6.04702448517967,-1.28913018601223,0,-0.043622252160678,-0.547117899464337,-0.429894497717002,0.338050747642157,0.397335099924241,-3.55473289060496,0.538883609377062,6.83769713585526e-05,1.07348433530778e-06,0.206889535286252,1,0.965485290791854,0.588215110038583,0.670246046123089,0.737603681428969,0.693843044769761,0.00123706114110588,1,0.00765822079215789,0.000121303729889779,1,1,1,1,1,1,1,0.0544306902086588,FALSE,TRUE,TRUE,FALSE,FALSE,FALSE,FALSE,FALSE,FALSE,FALSE,FALSE,TRUE,TRUE,FALSE,TRUE,TRUE,TRUE,TRUE,TRUE,TRUE,TRUE,TRUE
"11","Genus:Blautia",0.226729151054301,-0.796277848480255,-0.360071640622584,1.0067207981287,0,-0.180273936690248,0,1.33809931492538,-0.605398254505557,-1.11912039785271,-0.800592415286449,9.85307982942638,0.55137666434675,0.122534952427861,0.141626660137834,3.28427468882451,3.31655229601817,4.00426142313632,3.5390389635764,3.62039948072725,3.87527719017004,0.128313820262263,0.0230109930071987,-1.44416312834649,-2.93852189508594,7.10827182642689,0,-0.0543558251460963,0,0.3780968021819,-0.16721863366966,-0.288784606348017,-6.23933114648215,0.981894680577992,0.165874638531693,0.00878235770720272,1.26375117388946e-06,1,0.957250435266881,1,0.709780642617675,0.869062290279266,0.776045650294722,6.92901702312797e-06,1,1,0.649894470333001,0.000130166370910614,1,1,1,1,1,1,0.000498889225665214,FALSE,FALSE,FALSE,TRUE,FALSE,FALSE,FALSE,FALSE,FALSE,FALSE,TRUE,TRUE,FALSE,FALSE,FALSE,TRUE,TRUE,TRUE,FALSE,TRUE,TRUE,FALSE
"12","Genus:Corynebacterium",3.79226008897312,-2.80583673793097,-1.21624111843926,1.2468374985612,0,0.620453589695655,-0.441137971999523,-1.49815838037418,0,0.973720987764242,-1.12541642593761,6.77590956857235,1.08069089989992,0.414914551113582,0.504510475314369,2.35234261414,2.35572916061976,3.01732705145344,2.64006286346277,2.57028293179766,2.7903652728709,0.413429361271629,0.559668049078189,-2.59633604594135,-2.93130504865402,2.4713807930039,0,0.26338069760635,-0.146201576586479,-0.567470722424073,0,0.3489582518931,-2.72214925054196,0.577659449921432,0.0116747089064062,0.00467621465018507,0.0161309565063014,1,0.7931032989901,0.884221795146739,0.572379695525117,1,0.728266126031896,0.00834670301796905,1,1,0.387747949069848,0.983988346884384,1,1,1,1,1,1,0.317174714682824,FALSE,FALSE,FALSE,FALSE,FALSE,FALSE,FALSE,FALSE,FALSE,FALSE,FALSE,TRUE,TRUE,TRUE,TRUE,TRUE,TRUE,TRUE,TRUE,TRUE,TRUE,TRUE
"13","Genus:Enterococcus",0.356665159392154,-1.46654375459135,0.216055704694932,0.260046111940913,0,-0.00374984226441435,0,1.0662877466599,0,0.245868184653006,-0.413436922650564,9.96522200873929,0.543654008010352,0.15577450482237,0.136088063367355,3.31795517889843,3.35175634135039,4.04388894916431,3.57526891220426,3.65958486537194,3.92173942109932,0.152465523046339,0.0357909898123059,-2.69756818304083,1.38697731661096,1.9108664309444,0,-0.0011187693503113,0,0.298239873096008,0,0.0626936566285388,-2.71167483893987,0.97186592826268,0.015252262323996,0.18336689721993,0.0730351587473757,1,0.999120375109343,1,0.76913452542964,1,0.950741688876086,0.0148095007388059,1,1,1,1,1,1,1,1,1,1,0.544498221489081,FALSE,FALSE,FALSE,FALSE,FALSE,FALSE,FALSE,FALSE,FALSE,FALSE,FALSE,TRUE,FALSE,FALSE,FALSE,TRUE,TRUE,TRUE,TRUE,TRUE,TRUE,FALSE
"14","Genus:Gemella",-1.61240433156795,1.1587038429219,0.254738255170175,-0.5808611826385,2.83766665588685,3.1590969499335,-0.173397487569103,0.015060629161543,-1.88227259397394,-1.54113957935852,0.205130055499623,6.88132365962299,0.828377932249765,0.438401418504798,0.531603519452907,2.37837245114384,2.39077019386588,2.99629033633097,2.58585322967142,2.67141182687518,2.87793404461661,0.457978350386748,-0.234316014087367,1.39876232551851,0.5810616581465,-1.09265864762574,1.1931128173479,1.32137206580497,-0.0578707228290274,0.0058242397475346,-0.704598435567939,-0.535502049548822,0.447903389595594,0.815524344059011,0.166948229558916,0.563339752834225,0.278840256968315,0.237445195455528,0.191312232755657,0.954040761047909,0.99537196117059,0.483741701964189,0.594249829639785,0.655809663975674,1,1,1,1,1,1,1,1,1,1,1,FALSE,FALSE,FALSE,FALSE,FALSE,FALSE,FALSE,FALSE,FALSE,FALSE,FALSE,TRUE,FALSE,TRUE,TRUE,TRUE,TRUE,TRUE,TRUE,TRUE,TRUE,FALSE
"15","Genus:Bacteroides",1.35107997637553,-2.64857418059778,-0.00598719155668482,0.889055293494041,0,-1.15677184977103,1.12511180666557,2.02633765145711,0,-0.251432020562977,-1.20210598244418,8.6606469055563,0.548295525336111,0.215795756948163,0.204727563727714,2.90684860320022,2.93236651039347,3.56939151444899,3.14076710831795,3.20218726671742,3.4398738609481,0.221649585417717,0.156002200656482,-4.83055953990173,-0.0277447139895481,4.34262625562467,0,-0.394484061140027,0.315211094695299,0.645172845223255,0,-0.0730933838642785,-5.42345242910656,0.876857103606533,2.25079847294559e-05,0.978010960370002,0.000100901423490059,1,0.695429064582211,0.754325919345228,0.522691722737102,1,0.942115200912952,3.51446551350364e-06,1,0.00256591025915797,1,0.00837481814967487,1,1,1,1,1,1,0.000256555982485765,FALSE,TRUE,FALSE,TRUE,FALSE,FALSE,FALSE,FALSE,FALSE,FALSE,TRUE,TRUE,TRUE,TRUE,FALSE,TRUE,TRUE,TRUE,TRUE,TRUE,TRUE,FALSE
"16","Genus:Klebsiella",-0.388659110827589,-0.599295220302502,-0.389925820959843,0.686602804601912,0,0.597519898475008,0,0.565648705290254,0.413548150434544,0.729383104417963,-1.04292045755091,9.09712732996397,0.548121551100498,0.17155778062786,0.189036439165888,3.04920507717327,3.07245188883139,3.72081447365925,3.28282487708486,3.35510618548173,3.5976817423957,0.17141360361011,-0.0427232791990752,-1.09336189956272,-2.27285419252225,3.63211880011868,0,0.194476567931638,0,0.172305476676096,0.123259332960625,0.202736972485028,-6.08423389734628,0.966196123046881,0.282658667861381,0.0301180611142319,0.00100363268692244,1,0.84707163245694,1,0.864317374100423,0.902697434999876,0.840665404086424,9.65777306886224e-07,1,1,1,0.0732651861453384,1,1,1,1,1,1,7.24332980164668e-05,FALSE,FALSE,FALSE,FALSE,FALSE,FALSE,FALSE,FALSE,FALSE,FALSE,TRUE,TRUE,TRUE,TRUE,TRUE,TRUE,TRUE,TRUE,TRUE,TRUE,TRUE,FALSE
"17","Genus:Rothia",-1.07554999290525,2.35129207962119,0.3378107270836,-0.739480193750757,3.44388229869901,2.47562843155479,-2.34888327000016,-2.69667916120273,0,-0.390976875009257,-0.55140124763724,7.57684067612949,0.63492840049387,0.372285270699369,0.430053686359326,2.57783981853333,2.58810893874501,3.243538716711,2.77907518287989,2.84452367112799,3.08276200688299,0.411454396688499,-0.141952304249148,3.70323973190091,0.907397508499314,-1.71950669696828,1.33595666958796,0.956539500518566,-0.724173032958881,-0.970351280100394,0,-0.126826811196034,-1.34012724636089,0.887655914358765,0.000508511029323883,0.36830399008413,0.0913578017704847,0.187271765791634,0.343142719703783,0.472144182343098,0.336279091132691,1,0.899557420185589,0.185921170847986,1,0.0544106801376554,1,1,1,1,1,1,1,1,1,FALSE,FALSE,FALSE,FALSE,FALSE,FALSE,FALSE,FALSE,FALSE,FALSE,FALSE,TRUE,TRUE,FALSE,TRUE,TRUE,TRUE,TRUE,TRUE,TRUE,TRUE,TRUE
"18","Genus:Pseudomonas",1.94684879487066,-0.479120160118035,0.366077517772053,-0.104123925996088,0,-0.973776932881289,0,-0.357135960057061,0,0.401409289022871,-1.41829010051818,9.34078322992136,0.565243417339576,0.247734995356949,0.173224700376933,3.12862055689643,3.14829958922108,3.85305511382887,3.3677952297745,3.45112911019918,3.69657823955304,0.286281514753573,0.208424577141916,-0.847635099180993,1.47769804280009,-0.601091679012962,0,-0.309302499741523,0,-0.106044440261582,0,0.108589420542444,-4.95417981052332,0.836406218314636,0.403828884359494,0.150649774853322,0.552614448261423,1,0.759381442097983,1,0.916303196158482,1,0.91430260702849,3.14352042959229e-05,1,1,1,1,1,1,1,1,1,1,0.0019175474620513,FALSE,FALSE,FALSE,FALSE,FALSE,FALSE,FALSE,FALSE,FALSE,FALSE,TRUE,TRUE,TRUE,TRUE,TRUE,TRUE,TRUE,TRUE,TRUE,TRUE,TRUE,FALSE
"19","Genus:Veillonella",-0.949112672842318,1.14500279079762,1.05817354489212,-0.338662113320778,0.948713940966289,0.849711519018868,-3.14912296594571,-2.6852272498247,1.37475327955666,2.08037730093041,0.923644805872229,7.34318523455942,0.737961785571298,0.353472422232016,0.571932208533692,2.52224945617655,2.5302845683458,3.10436843457702,2.70064714426194,2.7879430040831,3.01557534811755,0.330515786357752,-0.1292508145342,1.5515746386667,2.99365234269265,-0.592136809691192,0.376138029742877,0.335816583497711,-1.01441663008495,-0.994290296505413,0.493106665933723,0.689877406720766,2.79455579429562,0.897630705434618,0.126499784666694,0.00412408545166449,0.556185492597338,0.70826133140223,0.738286908243559,0.31482588744938,0.324435967256298,0.623900351688413,0.493172038999981,0.0071407781195463,1,1,0.346423177939817,1,1,1,1,1,1,1,0.278490346662306,FALSE,FALSE,FALSE,FALSE,FALSE,FALSE,FALSE,FALSE,FALSE,FALSE,FALSE,TRUE,TRUE,TRUE,TRUE,TRUE,TRUE,TRUE,TRUE,TRUE,TRUE,TRUE
"20","Genus:Erysipelatoclostridium",1.49241252824639,-0.151868133018222,-0.424264447160897,NA,0,0.249337092810952,0,-0.842871526797893,0,-0.0170511276394095,-0.916364425655623,10.6027549674106,0.653789892150296,0.132621495350961,NA,3.52298753210752,3.559249392719,4.30583688752928,3.8142391126837,3.88597622843863,4.15288408579368,0.111165855351283,0.140757051618526,-0.232288897154302,-3.19906245995907,NA,0,0.0700532795822092,0,-0.220980253701202,0,-0.00410585205056374,-8.2432184123436,0.892668564307032,0.824034016209926,0.0186220717901909,1,1,0.946427740714323,1,0.83243590221926,1,0.996857122026174,0.000172248596166667,1,1,1,1,1,1,1,1,1,1,0.00895692700066668,FALSE,FALSE,FALSE,FALSE,FALSE,FALSE,FALSE,FALSE,FALSE,FALSE,TRUE,TRUE,FALSE,TRUE,TRUE,TRUE,TRUE,TRUE,TRUE,TRUE,TRUE,FALSE
"21","Genus:Neisseria",-2.89397560384266,1.682232405558,0.94208245361486,-0.477180965350387,0.0633378143332384,0.305401864830033,-0.0228533912782686,-0.644425843141329,1.99164659665992,2.91571357415636,-0.680839569147958,8.28093487238275,0.640579227082265,0.418305073873581,0.458464725684521,2.81811299210283,2.83810474333817,3.45296014959204,3.01956481195651,3.09402855651215,3.32525137125868,0.375383576903759,-0.349474503596712,2.62611139174822,2.252142066772,-1.04082372888758,0.0224752572060557,0.107607679225687,-0.00661849262319714,-0.213416794562451,0.643706598139829,0.876840048652533,-1.81371698454062,0.72847936634365,0.0119998617876678,0.0296000089722353,0.303912017995154,0.98217529062103,0.914819314361587,0.994750583133064,0.83203449492001,0.523265364970206,0.385561488001819,0.0768703529610604,1,1,1,1,1,1,1,1,1,1,1,FALSE,FALSE,FALSE,FALSE,FALSE,FALSE,FALSE,FALSE,FALSE,FALSE,FALSE,TRUE,TRUE,TRUE,TRUE,TRUE,TRUE,TRUE,TRUE,TRUE,TRUE,TRUE
"22","Family:Enterobacteriaceae",-3.42698610060662,-0.0510298330251436,-0.145133199533385,-0.202557080775769,0,0.155508344426964,2.85670852495703,1.05691636861954,2.41552436501372,5.63070797235436,-1.00048653942912,9.46391538027598,0.643442886290757,0.254290728471477,0.180534657865936,3.16606093449589,3.18720526717567,3.89116693916677,3.4281103588669,3.51017883283793,3.77531406302821,0.266538191841862,-0.362110813855003,-0.0793074787403656,-0.570737283288975,-1.12198446087945,0,0.0487914430954637,0.734152137293999,0.308308735127443,0.688148518934805,1.4914541885392,-3.753632950368,0.720438224916706,0.937445634471987,0.573483357403895,0.272969301306858,1,0.961489277047867,0.469968325667414,0.760507531131339,0.497957240895529,0.148870496773451,0.000979582849853932,1,1,1,1,1,1,1,1,1,1,0.0460403939431348,FALSE,FALSE,FALSE,FALSE,FALSE,FALSE,FALSE,FALSE,FALSE,FALSE,TRUE,TRUE,TRUE,TRUE,TRUE,TRUE,TRUE,TRUE,TRUE,TRUE,TRUE,FALSE
"23","Genus:Prevotella",-0.869039927675532,1.08534095102898,1.01904019204786,-0.955740599257098,-0.190718040961253,0.165385545002298,0,0.292046854700066,0,-0.06402482529449,0.252992783340662,8.47736484177126,0.839031585902446,0.31921546797191,0.489612417401479,2.87961144427863,2.89964117875851,3.5361081070743,3.11300569500241,3.15309200161441,3.39313824494394,0.373120451121842,-0.10251297943359,1.29356387681354,3.19232710909088,-1.95203504913029,-0.0662304774972966,0.0570365554930864,0,0.0938150724134285,0,-0.0188689115127839,0.678045876552736,0.91884926670008,0.203056586305064,0.00270962169625633,0.0577864651021224,0.947516240943827,0.954793142281081,1,0.925713030138089,1,0.98503720809533,0.50155158156679,1,1,0.233027465878044,1,1,1,1,1,1,1,1,FALSE,FALSE,FALSE,FALSE,FALSE,FALSE,FALSE,FALSE,FALSE,FALSE,FALSE,TRUE,TRUE,FALSE,TRUE,TRUE,TRUE,TRUE,TRUE,TRUE,TRUE,TRUE
"24","Genus:Akkermansia",1.31374340994905,-1.31981832689914,0.225858285209927,0.00920183719511141,0,0.0393681872840664,0,0.273033421332732,0,0.231427337525158,-1.0302160716744,9.73975185397868,0.568121484029453,0.144015564372221,0.142791227998204,3.24816565184463,3.27830888027054,3.96241567493665,3.50380940044531,3.57879569068686,3.83234297103482,0.119836810933524,0.134884690046019,-2.32312694379767,1.56829080380629,0.0644425944374337,0,0.0120086876258035,0,0.0779247356600022,0,0.0603879504716321,-8.59682482910767,0.893987523986336,0.0302958181678185,0.13175915776112,0.949227323584369,1,0.990532039211742,1,0.938625642930823,1,0.952417672034194,2.54973403911641e-08,1,1,1,1,1,1,1,1,1,1,2.2692632948136e-06,FALSE,FALSE,FALSE,FALSE,FALSE,FALSE,FALSE,FALSE,FALSE,FALSE,TRUE,TRUE,FALSE,TRUE,TRUE,TRUE,TRUE,TRUE,TRUE,TRUE,TRUE,FALSE
"25","Genus:Faecalibacterium",0.814109910122767,-1.8649016894315,0.0620396855292866,1.30309655268585,0,-0.562736646092724,0,0.973822997383444,0,-0.563450110446855,-1.17015339413278,9.74018616286869,0.567626250499832,0.140951799230269,0.156598897468239,3.24860087911172,3.28044039611388,3.96322753793133,3.50458018156996,3.5792951098372,3.832503761402,0.124940080192333,0.0835825821508727,-3.28543947322614,0.440148234134521,8.32123708246501,0,-0.171543018053113,0,0.27787151297169,0,-0.147018801682985,-9.36571668860345,0.934179953252652,0.00352769313799189,0.664326706404215,4.35589746140703e-08,1,0.865439072609222,1,0.783828350531307,1,0.884519493457166,6.02621520724832e-09,1,0.35276931379919,1,4.79148720754773e-06,1,1,1,1,1,1,5.66464229481342e-07,FALSE,FALSE,FALSE,TRUE,FALSE,FALSE,FALSE,FALSE,FALSE,FALSE,TRUE,TRUE,FALSE,TRUE,FALSE,TRUE,TRUE,TRUE,TRUE,TRUE,TRUE,FALSE
"26","Order:Lactobacillales",-0.412497140472878,1.51104530328872,-0.288428107266795,-0.667327509946286,1.19109081076645,1.72849827745108,-1.05908583968899,-1.94562620055592,0,1.09659234405004,0.091942052232901,8.66815097189773,0.617147370225719,0.259441731977145,0.300217062542366,2.91423314273533,2.93699594439286,3.5951554348109,3.14441039330453,3.22710573170469,3.45852223867623,0.379421150980815,-0.0475876737507457,2.44843513265893,-1.11172595506803,-2.22281673231719,0.408715004060545,0.588525932679964,-0.294586940368183,-0.618757082313045,0,0.31706962349034,0.242321894800087,0.96230079824537,0.0192092150225554,0.273427787674675,0.0324202426301636,0.6851048693453,0.559755145977699,0.769955981303424,0.539867441616851,1,0.752973031469371,0.809868943731348,1,1,1,1,1,1,1,1,1,1,1,FALSE,FALSE,FALSE,FALSE,FALSE,FALSE,FALSE,FALSE,FALSE,FALSE,FALSE,TRUE,TRUE,TRUE,TRUE,TRUE,TRUE,TRUE,TRUE,TRUE,TRUE,TRUE
"27","Family:Lachnospiraceae",0.418494053485101,0.810290806538516,0.762063895073291,-0.968565384872927,0,0.195338599801811,0,-0.761811959341834,0,0.905764537810943,-0.610857425345217,8.73417872273219,0.711852014864788,0.27893546040423,0.383136731176131,2.94990818964375,2.97266185908674,3.6223804269208,3.1792004004689,3.2491374864211,3.48564832137197,0.348288187314556,0.0479145282882635,1.13828547172466,2.73204379955463,-2.52798885113333,0,0.0657116783076778,0,-0.239623761757665,0,0.25985539971354,-1.75388499407682,0.962035307331525,0.262127146414418,0.00949621715311327,0.0157489373448362,1,0.947951875889107,1,0.811909798719365,1,0.796378109166527,0.0875131424310706,1,1,0.683727635024155,0.976434115379845,1,1,1,1,1,1,1,FALSE,FALSE,FALSE,FALSE,FALSE,FALSE,FALSE,FALSE,FALSE,FALSE,FALSE,TRUE,TRUE,TRUE,TRUE,TRUE,TRUE,TRUE,TRUE,TRUE,TRUE,TRUE
"28","Genus:Parabacteroides",0.0213248923593954,-0.103832774664416,-0.672802742553926,0.525481173403205,0,-0.622940174546327,0,0.840353413700938,0.410194110217412,1.0282309213163,-1.2916874453835,10.654194301515,0.559630118331676,0.0960876285804071,0.112618618204205,3.53932340981183,3.57590007157249,4.30166659131332,3.80803245549675,3.90422238374426,4.17203260612239,0.0525302516201302,0.00200154903842546,-0.185538217589064,-7.00197051893021,4.66602398237901,0,-0.174205140545885,0,0.220679162670455,0.105064227879362,0.246458026192649,-24.5894014505065,0.998528652215907,0.864642600897036,0.00598143693477945,0.0185825417905248,1,0.872796723250997,1,0.839507924391067,0.922955568249309,0.82122919464109,0.000147450797838236,1,1,0.472533517847577,1,1,1,1,1,1,1,0.00796234308326477,FALSE,FALSE,FALSE,FALSE,FALSE,FALSE,FALSE,FALSE,FALSE,FALSE,TRUE,TRUE,FALSE,TRUE,TRUE,TRUE,TRUE,TRUE,TRUE,FALSE,FALSE,FALSE
"29","Genus:[Ruminococcus]_torques_group",-0.107982945084505,-1.24170000157058,-0.651732909158563,1.62738977088987,0,0.458667502158929,0,0.580341795828547,0,0.865352413603214,-1.22243347451244,10.3414151957974,0.535999633372753,0.100816073007137,0.11569008861233,3.43874167490574,3.47351208054675,4.18054573672885,3.69896747106476,3.79326164199139,4.05561176723255,0.0597744007121292,-0.010441795734919,-2.31660606511471,-6.46457345261231,14.066803737554,0,0.132047187838406,0,0.156892916839167,0,0.21337161031903,-20.4507859543356,0.991874181898818,0.0430207292197231,7.21276125081462e-05,6.47115807477154e-08,1,0.897566046361246,1,0.878451668669002,1,0.835324393869226,1.72568168952715e-09,1,1,0.0076455269258635,7.05356230150098e-06,1,1,1,1,1,1,1.69116805573661e-07,FALSE,FALSE,TRUE,TRUE,FALSE,FALSE,FALSE,FALSE,FALSE,FALSE,TRUE,TRUE,FALSE,FALSE,FALSE,TRUE,TRUE,TRUE,TRUE,TRUE,TRUE,FALSE
"30","Genus:Fusobacterium",-0.245056757623025,1.03511108274104,0.681011392213518,-0.541316073689514,0.0294292133418601,0.653090344923039,2.0060472899294,1.26212919327838,-1.9252247303602,-1.52363918033281,-1.07491522911952,8.53729486271109,0.633271591706672,0.28061999605739,0.417982530509399,2.89147176448703,2.91578673185195,3.52285860721909,3.10339415576613,3.18140633137404,3.40462357597531,0.306405997623552,-0.0287042630673769,1.63454526667051,2.42680992723784,-1.29506865521343,0.010177935577068,0.223984263934226,0.56943735573678,0.406693165588822,-0.605148959243035,-0.447520598483884,-3.50814030226703,0.97725068165644,0.110403049643694,0.0200837474739965,0.203109899554186,0.991932570243327,0.823969460625681,0.572410371175342,0.686514972113058,0.54867715758478,0.657040008617777,0.00117759340413259,1,1,1,1,1,1,1,1,1,1,0.0529917031859667,FALSE,FALSE,FALSE,FALSE,FALSE,FALSE,FALSE,FALSE,FALSE,FALSE,FALSE,TRUE,TRUE,FALSE,TRUE,TRUE,TRUE,TRUE,TRUE,TRUE,TRUE,TRUE
"31","Genus:Prevotella_7",-0.603190532393137,1.99577703741791,0.444954384681738,-1.04655787973712,-0.539011296928856,-0.649582666733096,0.726892954605152,0.230764539761377,0,0.134053602104993,-0.165013897370791,8.68353777188942,0.666542137123899,0.299542249850036,0.41896131231543,2.92425061781855,2.94702075896589,3.62162219955019,3.14609299711654,3.24266401747858,3.51249277293976,0.405313278381591,-0.0694636849909033,2.99422486030605,1.48544782882716,-2.49798215007781,-0.18432459025381,-0.220420119117531,0.200709216630999,0.0733495608594144,0,0.0381648051030145,-0.407126798385903,0.944994610038576,0.00488337264715999,0.145896480231085,0.0170625572452372,0.854765386013848,0.826755727621105,0.842025184424901,0.941923060099011,1,0.969761462741875,0.6862606785319,1,0.473687146774519,1,1,1,1,1,1,1,1,1,FALSE,FALSE,FALSE,FALSE,FALSE,FALSE,FALSE,FALSE,FALSE,FALSE,FALSE,TRUE,TRUE,FALSE,TRUE,TRUE,TRUE,TRUE,TRUE,TRUE,TRUE,TRUE
"32","Genus:Actinomyces",1.79292018478143,1.96593251532919,-0.0205017589748606,-0.755972312127489,-0.872311948157771,-0.639716895896125,-1.27174565987334,-2.31235485591902,0,0.0541044123728739,0.353180604375184,8.41344800097296,0.597011828533065,0.277220565175216,0.288477455463393,2.83127770920128,2.85305699991781,3.4965859901069,3.06245991289191,3.14092878730626,3.37767566512608,0.298765039828305,0.213101713420478,3.29295404441104,-0.0739546828421713,-2.62055941568515,-0.308098335010681,-0.22422156161428,-0.363710677635718,-0.755064530374682,0,0.0160182379058749,1.18213497997674,0.832303716681932,0.00204725143550669,0.941406087669159,0.0122566871990473,0.7595673931278,0.823698547809642,0.7179429082102,0.454526026582772,1,0.987297538081349,0.243962924714337,1,0.214961400728202,1,0.796684667938078,1,1,1,1,1,1,1,FALSE,FALSE,FALSE,FALSE,FALSE,FALSE,FALSE,FALSE,FALSE,FALSE,FALSE,TRUE,TRUE,TRUE,TRUE,TRUE,TRUE,TRUE,TRUE,TRUE,TRUE,TRUE
"33","Genus:Lactobacillus",1.87776232657794,-0.975753051892967,-0.32399331230357,-0.253107536721895,0,-0.258387104266668,0,-0.40070572928431,0.681003422064562,1.0765105584718,-1.50158497981532,9.45375802880064,0.58685606055757,0.168628274213189,0.202769354729663,3.15479267426512,3.18568073192895,3.8537013765718,3.405512016136,3.48058746844356,3.73001488144457,0.136993518643814,0.198626019500117,-1.66267866598482,-1.92134630930256,-1.24825340130585,0,-0.0811089139212682,0,-0.11766387180127,0.195657609021126,0.288607577365721,-10.9609928606876,0.844161757916645,0.108865634109469,0.0661597595107019,0.223502696606815,1,0.936001190203495,1,0.90727424539263,0.84645976786583,0.775261198331337,4.87722188598241e-11,1,1,1,1,1,1,1,1,1,1,5.16985519914135e-09,FALSE,FALSE,FALSE,FALSE,FALSE,FALSE,FALSE,FALSE,FALSE,FALSE,TRUE,TRUE,TRUE,TRUE,FALSE,TRUE,TRUE,TRUE,TRUE,TRUE,TRUE,FALSE
"34","Phylum:Aenigmarchaeota",1.1923201896592,-1.25339876877917,0.000889147094941723,0.314623998714057,0,0.429638441123618,0.228189233238705,0.39707747676344,0,0.050586236975924,-1.74727067334225,6.84465366884491,0.620022628416374,0.245006301469201,0.342913299243271,2.33284065889782,2.35117015203128,2.91504738761785,2.54538488762479,2.55968219769941,2.78267777607837,0.278501404966769,0.174197300162363,-2.02153713644375,0.00362907847516525,0.917503052253613,0,0.182733878597614,0.078279768009253,0.155998992016477,0,0.0181789776059574,-6.27383073184401,0.862268975561929,0.0474770521377041,0.99711588791655,0.362378281655639,1,0.855593608569799,0.937853611821168,0.876532614185864,1,0.985553524746547,3.61372653525409e-08,1,1,1,1,1,1,1,1,1,1,3.03553028961344e-06,FALSE,FALSE,FALSE,FALSE,FALSE,FALSE,FALSE,FALSE,FALSE,FALSE,TRUE,TRUE,TRUE,TRUE,TRUE,TRUE,FALSE,TRUE,TRUE,TRUE,FALSE,TRUE
"35","Genus:Arcobacter",2.61463544064171,-2.38699049355748,0.369445704259315,0.524169652594362,0,-0.385897200293584,0,-0.034409484210391,0,-0.261921292922163,-1.46592199123449,9.15882135043944,0.539578289074738,0.227943277251363,0.209210281752956,3.07005578852816,3.09130299207289,3.74917467319096,3.30434963740416,3.38117778135536,3.62637389338753,0.20358724107201,0.285477283659022,-4.42380752133422,1.62077911976282,2.50546793495227,0,-0.124833185644743,0,-0.0104133908291323,0,-0.072226775457368,-7.20046100883105,0.777177332243091,0.000111113151538312,0.115194179615512,0.0176924657098233,1,0.901461618328573,1,0.991758194534538,1,0.9428854314049,4.26402276418025e-08,1,0.0123335598207526,1,1,1,1,1,1,1,1,3.4964986666278e-06,FALSE,TRUE,FALSE,FALSE,FALSE,FALSE,FALSE,FALSE,FALSE,FALSE,TRUE,TRUE,FALSE,TRUE,TRUE,TRUE,TRUE,TRUE,TRUE,TRUE,TRUE,FALSE
"36","Genus:Alloprevotella",-1.95237030150324,1.76471092659359,1.53203441869988,-0.784862300957921,0.494173914503106,0.349342448028995,-0.186349893346894,-0.214311234149645,0.102334018427549,-0.357950126240132,0.964852301293602,8.68228845296854,0.688311228987758,0.308674965583552,0.458321759804057,2.92678135085358,2.95704317093555,3.59519043491848,3.14823291769084,3.2389360175678,3.49950362349177,0.307518361767844,-0.224868168349752,2.5638270193395,4.96326100111022,-1.71247008061207,0.168845518425551,0.118139109859012,-0.0518331077922774,-0.0680735001992286,0.031594949042678,-0.102285971026649,3.13754370876235,0.823353375856169,0.0146728398436522,1.68081780020718e-05,0.0954123801470216,0.866863285330297,0.906614159950393,0.95894822540611,0.946103820334432,0.974969592626836,0.919097324958716,0.00339004141747387,1,1,0.00186570775822997,1,1,1,1,1,1,1,0.142381739533902,FALSE,FALSE,TRUE,FALSE,FALSE,FALSE,FALSE,FALSE,FALSE,FALSE,FALSE,TRUE,TRUE,TRUE,TRUE,TRUE,TRUE,TRUE,TRUE,TRUE,TRUE,TRUE
"37","Genus:Chryseobacterium",1.0419308795848,-0.219450865463948,0.173809842150524,NA,0,-1.73766339211315,0,1.26541120672553,0,-3.50603435743141,1.51419919643595,10.6549630697233,0.557502512544363,0.161917177723588,NA,3.54121601288424,3.57629314576432,4.30417737307085,3.80745259368202,3.90552551120397,4.17342052535798,0.0988305430048386,0.0977883144940694,-0.39363206537385,1.07344905953857,NA,0,-0.485883936603799,0,0.332351139138361,0,-0.8400865276165,15.3211664167606,0.925899467146599,0.710078292850213,0.332121458556332,1,1,0.647593827640622,1,0.753104821595662,1,0.439171371928999,2.14893637643543e-05,1,1,1,1,1,1,1,1,1,1,0.00137531928091867,FALSE,FALSE,FALSE,FALSE,FALSE,FALSE,FALSE,FALSE,FALSE,FALSE,TRUE,TRUE,TRUE,TRUE,TRUE,TRUE,TRUE,TRUE,TRUE,TRUE,TRUE,TRUE
"38","Genus:Porphyromonas",-1.08970459668816,1.85115191263274,0.404204031921332,-0.84158259061491,1.63352251753434,1.38157102674034,0,0.880224869222051,-2.17359049162611,-1.42951437651877,0.047670399232308,7.951985649606,0.723305027700895,0.345881418734045,0.442959119420671,2.70703337215182,2.74258856948798,3.35038507614142,2.91309781948155,2.99014638379388,3.2486186068561,0.365505183720667,-0.137035533601868,2.55929634350369,1.1686202554643,-1.89991029356294,0.603436416535881,0.503747095758613,0,0.302161109501879,-0.726917753393823,-0.440037612756951,0.130423319163483,0.891575897413988,0.0136948551200739,0.248327970603987,0.0634613928081262,0.549059486673756,0.616743373098399,1,0.76383468029393,0.470806835280715,0.661884998236225,0.896776586385043,1,1,1,1,1,1,1,1,1,1,1,FALSE,FALSE,FALSE,FALSE,FALSE,FALSE,FALSE,FALSE,FALSE,FALSE,FALSE,TRUE,TRUE,TRUE,TRUE,TRUE,TRUE,TRUE,TRUE,TRUE,TRUE,TRUE
"39","Genus:Ligilactobacillus",-3.35178352844799,0.505664636059214,-0.0908806326471405,-0.142868399582012,-0.14798490796423,-0.0376689006645451,0,2.71777594534884,0.888009381777664,0.588516673796281,2.02404740760402,10.3418927907895,0.570071542963996,0.133293094945121,0.157883081706862,3.44048311205543,3.47390007658844,4.18922708365724,3.70164258194656,3.7941770421179,4.05597395022438,0.218203490177803,-0.324097686589159,0.887019607100701,-0.681810507022568,-0.904899993320832,-0.0430128278920167,-0.0108434036195819,0,0.734208094159015,0.234045320479294,0.145098731160175,9.27596257032705,0.754175314533239,0.400947372166077,0.514609214434547,0.391954392577017,0.966745498530182,0.991613917753155,1,0.483782870269712,0.820828130298844,0.888222000919783,1.48334952988921e-05,1,1,1,1,1,1,1,1,1,1,0.00100867768032466,FALSE,FALSE,FALSE,FALSE,FALSE,FALSE,FALSE,FALSE,FALSE,FALSE,TRUE,FALSE,TRUE,FALSE,TRUE,TRUE,TRUE,TRUE,TRUE,FALSE,FALSE,FALSE
"40","Family:Neisseriaceae",3.96871047924615,1.97127398941916,-0.610677391816516,-2.00955960921674,0,0.867437961831616,-3.64599110950226,-4.06698472325734,0,-0.158503614857436,-0.49681066056366,10.0745432846993,0.549578150687641,0.166123679697652,0.166900635686537,3.35435105360756,3.38829125576466,4.08690038978103,3.60999860556806,3.70830443461987,3.9624481557137,0.155029724117684,0.393934530538335,3.58688566303568,-3.67604060377159,-12.040455094437,0,0.256010447849134,-0.892116460342114,-1.12658900116593,0,-0.0400014356349065,-3.20461552383675,0.69956417583971,0.00297490341212374,0.00249284530162622,8.95774888227784e-09,1,0.80166611611,0.387407287950305,0.278857034749368,1,0.968656834103801,0.00636187405183091,1,0.303440148036621,0.219370386543107,9.9431012593284e-07,1,1,1,1,1,1,0.254474962073236,FALSE,FALSE,FALSE,TRUE,FALSE,FALSE,FALSE,FALSE,FALSE,FALSE,FALSE,FALSE,TRUE,TRUE,FALSE,TRUE,TRUE,FALSE,FALSE,TRUE,TRUE,TRUE
"41","Genus:Atopobium",-1.45433773683863,2.90670677559636,-0.131718937712487,-1.4363699002468,0,0.123575026305778,0,0.272259736432282,0,0.00248613450854784,0.510493676016261,9.79896257541139,0.556543516852922,0.166339778175662,0.241513733919063,3.26724951177541,3.29899740733965,3.98364851681031,3.51715887255469,3.61175041638115,3.86566615246469,0.200558818035353,-0.148417521308634,5.22278436021116,-0.791866739015282,-5.94736322832955,0,0.0374583581153617,0,0.0774089958110213,0,0.000643132234003891,2.54535642469868,0.883499498117915,4.12730385934083e-05,0.437730168723002,8.13215753594866e-06,1,0.970490914833671,1,0.939067374964135,1,0.999493226518081,0.0192679232354803,1,0.00466385336105513,1,0.000756290650843225,1,1,1,1,1,1,0.655109390006329,FALSE,TRUE,FALSE,TRUE,FALSE,FALSE,FALSE,FALSE,FALSE,FALSE,FALSE,TRUE,FALSE,TRUE,FALSE,TRUE,TRUE,TRUE,TRUE,TRUE,TRUE,TRUE
"42","Genus:Holdemanella",0.797977839250762,-1.72600001537958,-0.179670369297267,1.07037452005462,0,-0.844943085566738,0,1.34566236781969,0,-0.629396007065626,-1.31961727428159,10.2346780744913,0.541885837543613,0.101569074994077,0.115367710257293,3.40430747809644,3.43854195375952,4.14197488585777,3.66466559825401,3.75457493725567,4.01541751146351,0.0649875855427454,0.077968044861091,-3.18517277219053,-1.76894757885453,9.27793849481346,0,-0.24572714159934,0,0.367199225070036,0,-0.156744847894093,-20.305682435511,0.939138466609291,0.0078454998745282,0.102288413923883,7.99863355143621e-07,1,0.810045920760855,1,0.719864370257689,1,0.878052203739116,1.16832755788051e-10,1,0.737476988205651,1,8.31857889349366e-05,1,1,1,1,1,1,1.20337738461692e-08,FALSE,FALSE,FALSE,TRUE,FALSE,FALSE,FALSE,FALSE,FALSE,FALSE,TRUE,TRUE,FALSE,TRUE,FALSE,TRUE,TRUE,TRUE,TRUE,TRUE,TRUE,FALSE
"43","Genus:Mycobacterium",-0.350439718641976,-0.343953619352229,-0.79658895085025,-0.434016725252911,0,0.149520337131866,0,0.088218735010493,1.79137203298845,2.27106584579854,-0.450261687593551,8.66203708748386,0.571591120452314,0.18688502564934,0.200125191320306,2.90223311277884,2.92698522518413,3.57368855333209,3.14410179924635,3.20758759657529,3.4445180337069,0.231785856334177,-0.0404569635413292,-0.601747660250652,-4.26245467277256,-2.1687260978467,0,0.0510833931942586,0,0.0280584855845441,0.558479536116512,0.659327610880433,-1.9425761981973,0.967940636260085,0.550915668508395,0.000128644817871366,0.0364292724106861,1,0.959526653697125,1,0.977762347665418,0.57979315087617,0.513661497891939,0.0595048825620011,1,1,0.0133790610586221,1,1,1,1,1,1,1,1,FALSE,FALSE,TRUE,FALSE,FALSE,FALSE,FALSE,FALSE,FALSE,FALSE,FALSE,TRUE,TRUE,FALSE,TRUE,TRUE,TRUE,TRUE,TRUE,TRUE,TRUE,TRUE
"44","Genus:Anaerosinus",2.07527111301785,-2.64964749933448,0.665763122463297,2.18074651997142,0,-0.676760771828454,0,-0.605585296267362,0,-0.947347699124065,-2.0572321871079,10.0184046982141,0.562498850797004,0.1376684628173,0.13174545708453,3.33647521737445,3.36905868431675,4.06638229780272,3.59634597791128,3.67939031416303,3.93537175315268,0.107863729263875,0.207145865587542,-4.71049406693045,4.8359886413988,16.5527265093643,0,-0.200875329058182,0,-0.168389053774821,0,-0.240726355360236,-19.0725112245577,0.838509300030262,0.000235727313091677,0.000182450175568015,1.72936362050143e-11,1,0.843327362910777,1,0.868387444241749,1,0.81282466217439,1.98733001961387e-12,1,0.0254585498139011,0.0187923680835056,1.97147452737163e-09,1,1,1,1,1,1,2.22580962196753e-10,FALSE,TRUE,TRUE,TRUE,FALSE,FALSE,FALSE,FALSE,FALSE,FALSE,TRUE,TRUE,TRUE,FALSE,FALSE,TRUE,TRUE,TRUE,TRUE,TRUE,TRUE,FALSE
"45","Genus:Cutibacterium",0.289169555133006,-0.488713299368147,0.133243179203149,0.723033465306082,0,-0.646573920591481,0.373680453955078,0.709275788866993,0,-0.271613005748203,-0.468874423776989,9.21860939886723,0.566636114508457,0.182781698096743,0.192030861211114,3.08324914122837,3.11207389064652,3.77124656391324,3.32699157508189,3.39993975415659,3.6437030012772,0.222120915387949,0.0313680233776408,-0.862481735376316,0.728974402746963,3.76519409820901,0,-0.207763036261699,0.0990867204310631,0.213188333321684,0,-0.0745431243032147,-2.11089722441521,0.975190936747477,0.395499018887757,0.471863965523562,0.00075388451301678,1,0.836866164956874,0.921751189938603,0.832671704157239,1,0.941090059496759,0.0435213110432304,1,1,1,0.0572952229892753,1,1,1,1,1,1,1,FALSE,FALSE,FALSE,FALSE,FALSE,FALSE,FALSE,FALSE,FALSE,FALSE,FALSE,TRUE,TRUE,FALSE,TRUE,TRUE,TRUE,TRUE,TRUE,TRUE,TRUE,TRUE
"46","Genus:Ruminococcus",-1.31304469690568,-1.3644012901576,0.851719107274022,1.47392235212694,0,-0.700783213948412,0,1.95554203980346,0,0.520860292526711,-1.15506376128415,10.4466785784265,0.541842109652667,0.10583775379226,0.115080417240685,3.4726646486719,3.50791641533157,4.22065073418621,3.7353520161217,3.83014790523854,4.09448528288087,0.055714930679471,-0.125690159513211,-2.51807909693879,8.04740347140957,12.8077598905842,0,-0.199771924691704,0,0.523522824987679,0,0.127210200194012,-20.7316736680381,0.903078485474837,0.0359160736864716,4.18490427168345e-05,1.30303328526454e-06,1,0.846643473943268,1,0.614798756834965,1,0.901913404768687,3.07117932741259e-08,1,1,0.00447784757070129,0.000132909395096983,1,1,1,1,1,1,2.70263780812308e-06,FALSE,FALSE,TRUE,TRUE,FALSE,FALSE,FALSE,FALSE,FALSE,FALSE,TRUE,TRUE,TRUE,FALSE,FALSE,TRUE,TRUE,TRUE,TRUE,TRUE,TRUE,FALSE
"47","Genus:Trichococcus",0.906365560882277,-2.30797974621074,0.0837518166768393,1.58216313587653,0,-1.00898468381373,0,1.19840274956467,0,-0.311562564151744,-1.24103369855925,10.235508280923,0.576621114696286,0.122876255540756,0.155759846280737,3.40586971953965,3.4406700891863,4.14662485636006,3.6691456733462,3.75624774727917,4.01679361042631,0.100224303576912,0.0885511042545457,-4.00259318881583,0.681594798834509,10.1577086370828,0,-0.293252377490326,0,0.326616290617796,0,-0.0775649919734555,-12.3825624550924,0.930899335099567,0.00175349570594003,0.508436538001563,3.02345573871482e-07,1,0.774338874050632,1,0.749584425113557,1,0.939452403517217,3.40632644975539e-08,1,0.185870544829643,1,3.23509764042486e-05,1,1,1,1,1,1,2.92944074678963e-06,FALSE,FALSE,FALSE,TRUE,FALSE,FALSE,FALSE,FALSE,FALSE,FALSE,TRUE,TRUE,FALSE,TRUE,FALSE,TRUE,TRUE,TRUE,TRUE,TRUE,TRUE,FALSE
"48","Genus:Macellibacteroides",1.10622181581046,-2.68562892602281,1.15882015558008,1.90332957204353,0,-0.956146010065013,0,0.427422693104221,0,-0.511407400154503,-1.64716443909875,10.0181399638493,0.560773086867067,0.131372954943648,0.123843815233881,3.335068540342,3.3678922664155,4.06412489264337,3.59558000399536,3.6775703548379,3.93535744134975,0.0811984640042377,0.110421876695903,-4.78915445287668,8.82084258572964,15.3687898620457,0,-0.283900414392606,0,0.11887447717177,0,-0.129951956785684,-20.2856600712642,0.913448014119055,0.000200717518634559,1.52732970223329e-07,5.30534335226008e-11,1,0.780127702937309,1,0.906854510841516,1,0.898224173688514,7.68871502316441e-13,1,0.0218782095311669,1.74115586054596e-05,5.99503798805389e-09,1,1,1,1,1,1,8.68824797617578e-11,FALSE,TRUE,TRUE,TRUE,FALSE,FALSE,FALSE,FALSE,FALSE,FALSE,TRUE,TRUE,TRUE,FALSE,FALSE,TRUE,TRUE,TRUE,FALSE,TRUE,TRUE,TRUE
"49","Genus:Bergeyella",-1.61723615571381,1.81348930218864,0.209323200503481,-1.71732602913857,0,0.581368751576499,0,-1.16471133840504,2.7076509143047,2.24814797314802,-0.794478841049866,9.40068585952529,0.54186769146186,0.169247632341998,0.181791318280058,3.13654834959598,3.17104165580478,3.84501638693586,3.38282152799044,3.46862083218788,3.72384384275885,0.212585469712111,-0.172033847304358,3.3467381996815,1.2367865807452,-9.44668890344339,0,0.183336838389451,0,-0.344301740061626,0.780613115500668,0.603717037576542,-3.73722080876821,0.864742986353951,0.00249814759596477,0.227221840236187,6.84226183117492e-10,1,0.855955976834529,1,0.733388658258761,0.442079642666978,0.551263203035625,0.000924197088603993,1,0.259807349980336,1,7.66333325091591e-08,1,1,1,1,1,1,0.0443614602529916,FALSE,FALSE,FALSE,TRUE,FALSE,FALSE,FALSE,FALSE,FALSE,FALSE,TRUE,TRUE,TRUE,FALSE,FALSE,TRUE,TRUE,TRUE,TRUE,TRUE,TRUE,FALSE
"50","Genus:Enhydrobacter",-0.00193261523958163,-1.41430188353563,-0.225313918630928,0.626444143609504,0,-0.610877983612559,1.16281966530867,2.13800766828374,0,-0.531239760798677,-0.919679142294112,9.6261695396886,0.531387086791925,0.124841220890174,0.131779388839675,3.20976298029028,3.24087596205965,3.91460155189343,3.45982656301003,3.53864359287336,3.79001549042575,0.121771073167148,-0.000200766798425218,-2.66152851412708,-1.80480387026287,4.75373386631537,0,-0.188491627190919,0.297046749175848,0.617952267070778,0,-0.140168229428266,-7.55252555778764,0.999841620676867,0.0142549140003449,0.0848127326658738,9.58033260899604e-05,1,0.852219197101302,0.769217370081352,0.542951554108976,1,0.889802469374913,1.51419676960768e-07,1,1,1,0.00804747939155667,1,1,1,1,1,1,1.19621544799007e-05,FALSE,FALSE,FALSE,TRUE,FALSE,FALSE,FALSE,FALSE,FALSE,FALSE,TRUE,TRUE,FALSE,TRUE,FALSE,TRUE,TRUE,TRUE,TRUE,TRUE,TRUE,FALSE
"51","Genus:Acidibacter",1.13752013943166,-0.577238523104359,-0.335955875701256,0.157222606747871,0,-0.796862390812706,0,0.335170719269619,0,0.0572538364406837,0.200600953805658,9.51274612754957,0.546476793316542,0.137757798029953,0.129480061193848,3.17317039474497,3.20287170322154,3.87596008233968,3.42326369255507,3.50043296097023,3.75241601641861,0.132037025204866,0.119578523822613,-1.05629100844544,-2.43874307302886,1.21426114027309,0,-0.248796225590678,0,0.0979096994480881,0,0.0152578595204186,1.51927804715692,0.905772794066651,0.300936389215219,0.02217937134655,0.235994001215981,1,0.805550972879858,1,0.922784779334473,1,0.987947577151687,0.141239344359443,1,1,1,1,1,1,1,1,1,1,1,FALSE,FALSE,FALSE,FALSE,FALSE,FALSE,FALSE,FALSE,FALSE,FALSE,FALSE,TRUE,FALSE,FALSE,FALSE,TRUE,TRUE,TRUE,TRUE,TRUE,TRUE,TRUE
"52","Genus:Methanobrevibacter",0.351664026625969,-2.27319298620817,0.118133573168484,0.236897204567894,0,-0.543745825114691,2.65604573060643,3.31103683205745,-0.590504405260208,-0.716478934757507,-1.5123180237471,9.15760905046324,0.526922500584548,0.178357169053257,0.178196221522485,3.06409694045339,3.08859451456073,3.74348645719485,3.30196566077762,3.37565861206393,3.62148830344992,0.154056659526779,0.0384012928143269,-4.31409359760946,0.662342723847619,1.32941766410015,0,-0.176049598790414,0.709511243322813,1.00274720339693,-0.1749301316045,-0.197841018587571,-9.81663518079997,0.969630871945634,0.000169515766335136,0.512981383165893,0.194074110978663,1,0.861478597754494,0.483673300300294,0.324276893615361,0.862350150916839,0.844549729237843,1.00264866457268e-10,1,0.018646734296865,1,1,1,1,1,1,1,1,1.05278109780131e-08,FALSE,TRUE,FALSE,FALSE,FALSE,FALSE,FALSE,FALSE,FALSE,FALSE,TRUE,TRUE,TRUE,TRUE,TRUE,TRUE,TRUE,TRUE,TRUE,TRUE,TRUE,FALSE
"53","Genus:Leptotrichia",-0.0192301964272308,-0.472459000057356,0.511024885107565,-0.126154756064615,1.08401975685422,0.120261326146302,0,-0.195172276152413,0,0.918596706714621,-0.162608927841963,9.22445386315705,0.591501269450418,0.185817964916034,0.237997187404861,3.08343691807565,3.11169393198324,3.77918677818147,3.32985925129254,3.41283820536502,3.65829567767402,0.21545569045823,-0.00208469755635477,-0.798745538612846,2.75013713199627,-0.530068264420333,0.351562164446923,0.0386481860925356,0,-0.058612770517749,0,0.251099634269769,-0.754720970683706,0.998350928005339,0.430931270703788,0.0101517851545561,0.600100025426595,0.727708277622055,0.969435720054299,1,0.953662567829426,1,0.803507792410983,0.456502081275837,1,1,0.720776745973485,1,1,1,1,1,1,1,1,FALSE,FALSE,FALSE,FALSE,FALSE,FALSE,FALSE,FALSE,FALSE,FALSE,FALSE,TRUE,FALSE,FALSE,TRUE,TRUE,TRUE,TRUE,TRUE,TRUE,TRUE,TRUE
"54","Genus:Acidovorax",1.2944528807045,-0.920998313946317,0.240545010850643,-0.0869526312958957,0,-0.766348081222279,0,1.08969754782777,0,-0.554019086987135,-1.52607034302297,9.96335571564584,0.556946198597808,0.128633758886627,0.142033897352811,3.31740259931175,3.35103843197541,4.04318861907482,3.5764129228755,3.65949246673388,3.91577031498198,0.0985931493556193,0.129921375653764,-1.6536575997198,1.86999908058856,-0.612196334230737,0,-0.228689732087174,0,0.304690082305047,0,-0.141484061224792,-15.478462276507,0.898153542519932,0.116542600406589,0.0788057560093248,0.548509492216436,1,0.821838470548562,1,0.76430070683738,1,0.889150661521132,1.87928079096412e-11,1,1,1,1,1,1,1,1,1,1,2.06720887006053e-09,FALSE,FALSE,FALSE,FALSE,FALSE,FALSE,FALSE,FALSE,FALSE,FALSE,TRUE,TRUE,FALSE,TRUE,TRUE,TRUE,TRUE,TRUE,TRUE,TRUE,TRUE,TRUE
"55","Genus:Acinetobacter",-2.35923051314862,-1.64106917639461,-0.0932234946412994,-0.123305955263388,0,-0.367585225535414,3.41178815543015,4.0103778926157,0.921173620366088,1.25267637113763,-0.84598151613284,8.91351704628892,0.557640382762392,0.213200134005938,0.232981950278383,2.9892071438808,3.00894951639069,3.66024808503687,3.22357401016667,3.29322097533723,3.54100865767971,0.17710642682623,-0.264680092145094,-2.9428808011809,-0.437258142805403,-0.52925110771909,0,-0.12216397235416,0.932119374470156,1.24407811949332,0.279718132267684,0.353762583556759,-4.77668445630653,0.792902125363659,0.005911171806937,0.664772428998739,0.600173717761246,1,0.903510085976009,0.358044746269016,0.222235346596116,0.781439610472794,0.725767086839773,3.55674682516416e-05,1,0.561561321659015,1,1,1,1,1,1,1,1,0.0021340480950985,FALSE,FALSE,FALSE,FALSE,FALSE,FALSE,FALSE,FALSE,FALSE,FALSE,TRUE,TRUE,FALSE,TRUE,TRUE,TRUE,TRUE,TRUE,TRUE,TRUE,TRUE,FALSE
"56","Genus:Lactococcus",-0.976226110087839,-0.879975332465165,0.0768374269899662,1.72608812156434,0,-0.215316446933834,0,1.34114452731937,0,-0.993229447156011,-1.31636559867779,10.5510614879379,0.541164797754971,0.092981112931742,0.11880648281874,3.50637775020966,3.54264514737953,4.25922928236401,3.76962696182695,3.8674037446668,4.1336183404819,0.0422516249695017,-0.0925239712804135,-1.62607644864513,0.826376718531785,14.5285684805414,0,-0.0607784403959008,0,0.35577645769739,0,-0.240280878722882,-31.1553839557172,0.929293753182908,0.155058295472626,0.4402072855327,6.66809976972418e-06,1,0.953509587452078,1,0.734182370373208,1,0.818111581642132,7.26238663336977e-08,1,1,1,0.000626801378354073,1,1,1,1,1,1,5.80990930669581e-06,FALSE,FALSE,FALSE,TRUE,FALSE,FALSE,FALSE,FALSE,FALSE,FALSE,TRUE,TRUE,FALSE,TRUE,FALSE,TRUE,TRUE,TRUE,TRUE,TRUE,TRUE,TRUE
"57","Genus:Dorea",0.0180402072174871,-0.141684270209788,0.139804500883405,NA,0,0.359959460704786,0,0.672739454110717,0,-0.909941083492455,-1.81206393644524,10.5511115029833,0.544062222136345,0.0958642954240504,NA,3.50675948328573,3.54300337022369,4.25955224818603,3.77000426112225,3.8674974602102,4.13357043116065,0.051743962391982,0.00170979211170181,-0.260419239647706,1.45835840408557,NA,0,0.101597267372077,0,0.178445276852408,0,-0.220134408895739,-35.0198139585466,0.998683490041669,0.802034755547745,0.188101872103045,1,1,0.921925305871001,1,0.863427906478265,1,0.83204871799013,4.01687009096156e-09,1,1,1,1,1,1,1,1,1,1,3.81602658641348e-07,FALSE,FALSE,FALSE,FALSE,FALSE,FALSE,FALSE,FALSE,FALSE,FALSE,TRUE,TRUE,FALSE,TRUE,TRUE,TRUE,TRUE,TRUE,TRUE,TRUE,TRUE,TRUE
"58","Genus:Nevskia",1.11541929945101,0.499514394800613,-0.488300702259479,-1.01776270458779,0,-0.204797985343552,0,0.22514409624673,0,-0.165069980387439,-0.469709289605019,9.8541017306294,0.562887340718125,0.140198606261144,0.135071778540566,3.28335128153505,3.31541324440166,4.00552960358379,3.53857874077245,3.62192415555562,3.87906751915805,0.150913218106365,0.11319340209204,0.887414512046653,-3.48292123068567,-7.5349767033839,0,-0.0617714807315104,0,0.0636255719429273,0,-0.0425540363946198,-3.11244631516615,0.911064684844249,0.385951630494062,0.00248998161735098,4.03145342128105e-07,1,0.951389994502789,1,0.949932990125422,1,0.966501057290906,0.00573376676889246,1,1,0.219370386543107,4.27334062655792e-05,1,1,1,1,1,1,0.235084437524591,FALSE,FALSE,FALSE,TRUE,FALSE,FALSE,FALSE,FALSE,FALSE,FALSE,FALSE,TRUE,FALSE,FALSE,FALSE,TRUE,TRUE,TRUE,TRUE,TRUE,TRUE,TRUE
"59","Genus:Bradyrhizobium",1.48496035004202,-0.319109975859972,-0.611053749015562,0.19473217274152,0,-0.746986122228659,-0.200985817294535,-0.348475671986765,0,0.124108406420656,0.0797140162922372,9.79659551363326,0.545293291282209,0.135607028650576,0.157045019687601,3.26535651533202,3.29691687813386,3.97808480919861,3.51711770447124,3.59912589778901,3.85375848985494,0.111028557619938,0.151579224433172,-0.585207962323565,-4.50606251826436,1.23997674761599,0,-0.226571111690105,-0.0505232610500892,-0.0990799004377234,0,0.0322045106737677,0.717959577256751,0.881116710035525,0.565294098605869,0.000241834813563321,0.230080318206928,1,0.823177002479546,0.960232781141887,0.922112723431071,1,0.974644861881667,0.481517752273813,1,1,0.0246671509834587,1,1,1,1,1,1,1,1,FALSE,FALSE,TRUE,FALSE,FALSE,FALSE,FALSE,FALSE,FALSE,FALSE,FALSE,TRUE,FALSE,TRUE,TRUE,TRUE,TRUE,TRUE,TRUE,TRUE,TRUE,TRUE
"60","Genus:Lachnoanaerobaculum",-1.52436473989937,0.48419271380107,0.866388317293291,0.124353072044743,0.480878493355799,0.717148309802982,0.188043556061034,0.0151518560251474,0,-0.251432947431661,0.329895312865998,10.0743415930558,0.621728113651667,0.139438623727421,0.224937074775961,3.354365364943,3.38847268890919,4.09169387807915,3.61980726939327,3.70490620943815,3.96155498286573,0.161834034719796,-0.151311599454808,0.778785297253497,6.21340267232507,0.552834930251493,0.143359008646326,0.211643526639681,0.0459573862718466,0.00418581844212027,0,-0.0634682463121534,2.0384791952891,0.882052747942976,0.450050358767392,3.15058749158991e-05,0.589756713052203,0.888204966194114,0.835667081211466,0.964042694467753,0.996723761987647,1,0.950359169210605,0.0623781654565137,1,1,0.00343414036583301,1,1,1,1,1,1,1,1,FALSE,FALSE,TRUE,FALSE,FALSE,FALSE,FALSE,FALSE,FALSE,FALSE,FALSE,TRUE,TRUE,FALSE,TRUE,TRUE,TRUE,TRUE,TRUE,TRUE,TRUE,FALSE
"61","Genus:Candidatus_Competibacter",1.20127696282486,-1.70834510229344,0.421558295533559,1.17652888622306,0,-0.746956412569296,0,0.451340225494508,0,-0.710166859623844,-1.4033853042179,10.1272329170108,0.555804413242436,0.119742734000872,0.134054159540431,3.37034003251499,3.40497032912622,4.10465046566678,3.63153580176709,3.71660891174732,3.97554508084355,0.0771754096161106,0.118618478775883,-3.07364436408006,3.52053340898738,8.77651905958367,0,-0.219372370496098,0,0.124283567650603,0,-0.178633833897604,-18.1843583493588,0.907262808286841,0.00825323399354813,0.00339387147904669,4.58425630695527e-07,1,0.829526161632819,1,0.902857589346865,1,0.860784470297217,3.89092629603687e-11,1,0.767550761399976,0.288479075718968,4.81346912230303e-05,1,1,1,1,1,1,4.20220039971982e-09,FALSE,FALSE,FALSE,TRUE,FALSE,FALSE,FALSE,FALSE,FALSE,FALSE,TRUE,TRUE,FALSE,TRUE,FALSE,TRUE,TRUE,TRUE,TRUE,TRUE,TRUE,FALSE
"62","Family:Leptotrichiaceae",0.113053641823381,-1.98710818328564,0.0860824641052008,1.56212090985172,0,0.0546417253729136,0,0.736568474918937,0,-0.504069275285956,-1.17179928065739,10.3415833199171,0.551170605364455,0.121993202980308,0.129346198625883,3.44083849587715,3.47451463358778,4.18339987811105,3.70144377476681,3.79360197119999,4.05657090030733,0.0778231050648024,0.0109319471038491,-3.60525065006268,0.705633281217286,12.0770531059049,0,0.0157264340880011,0,0.198994911104746,0,-0.124259944587131,-15.0572157160993,0.991492761848434,0.00480583468873547,0.496524801025467,2.75068650611201e-07,1,0.987761980189268,1,0.846254466130065,1,0.903571743856618,3.37067151642091e-08,1,0.470971799496076,1,2.97074142660097e-05,1,1,1,1,1,1,2.92944074678963e-06,FALSE,FALSE,FALSE,TRUE,FALSE,FALSE,FALSE,FALSE,FALSE,FALSE,TRUE,TRUE,FALSE,TRUE,FALSE,TRUE,TRUE,TRUE,TRUE,TRUE,TRUE,FALSE
"63","Genus:Cloacibacterium",1.63929833713979,-0.698474753570348,-0.105344711243023,0.133783612860911,0,-0.723726806432932,0,0.234394268052903,0,-0.170009796289368,-1.60876578029204,10.2348672670266,0.549749576477263,0.109672293712446,0.125812270379199,3.4042842572651,3.43862625291469,4.14198060568685,3.66502486928544,3.75498420445388,4.01585339193002,0.0733380451515501,0.160168011403633,-1.27053259057715,-0.960540786346918,1.06335902259522,0,-0.210469749604068,0,0.0639543458537573,0,-0.0423346620748178,-21.9363057328238,0.87541326287587,0.227975301349015,0.355738539579076,0.308549916128434,1,0.836832494642822,1,0.950059589467316,1,0.966928169585688,4.72967332962953e-11,1,1,1,1,1,1,1,1,1,1,5.0607504627036e-09,FALSE,FALSE,FALSE,FALSE,FALSE,FALSE,FALSE,FALSE,FALSE,FALSE,TRUE,TRUE,FALSE,TRUE,TRUE,TRUE,TRUE,TRUE,TRUE,TRUE,TRUE,FALSE
"64","Kingdom:Bacteria",-0.265964163590921,-1.30446558127006,-0.13694759314219,-0.118224608075891,1.77068569978818,1.80687710113496,-0.653633002352865,-1.26576213081134,1.49734594645232,2.28484938511062,-0.80699073662356,6.84447432756562,0.616596174409045,0.21854058822792,0.302190990494051,2.32988713779181,2.35198611833418,2.91310538159104,2.54650203432864,2.56873793849252,2.7822901397453,0.220668843132802,-0.0388582308680405,-2.11559142824763,-0.626646035194916,-0.39122479423561,0.759987756946191,0.768234594179789,-0.224376710325485,-0.497059147704564,0.582911134691712,0.821211760941576,-3.65702164912289,0.969130315151393,0.0384705398404837,0.53322954063478,0.696994303218766,0.45018927770041,0.445311784424609,0.823214061126799,0.620934173959506,0.562101924164834,0.414723659782555,0.000533446623314809,1,1,1,1,1,1,1,1,1,1,0.0261388845424257,FALSE,FALSE,FALSE,FALSE,FALSE,FALSE,FALSE,FALSE,FALSE,FALSE,TRUE,TRUE,TRUE,TRUE,TRUE,TRUE,TRUE,TRUE,TRUE,TRUE,TRUE,FALSE
"65","Family:Caulobacteraceae",1.11747129752524,0.117355033334528,-0.263782345261693,-0.520922559004192,0,-0.696760597606945,0,-0.259928562826927,0,0.246167029275388,0.347226619934623,10.127368405571,0.568881598383529,0.109873239285277,0.136243311380939,3.37111148191437,3.40456154995252,4.10641475049978,3.63248860046367,3.7167500764263,3.97606891188314,0.0959954387033074,0.110341724796989,0.20629078822024,-2.40078791685394,-3.82347253398503,0,-0.204655015743998,0,-0.0715566079942408,0,0.0619121636799798,3.61711581951091,0.913704536289973,0.839533688334394,0.0308223789170805,0.00186248782526446,1,0.840787136507895,1,0.943966958646838,1,0.951507990982372,0.00280171515664455,1,1,1,0.132236635593776,1,1,1,1,1,1,0.120473751735716,FALSE,FALSE,FALSE,FALSE,FALSE,FALSE,FALSE,FALSE,FALSE,FALSE,FALSE,TRUE,FALSE,FALSE,TRUE,TRUE,TRUE,TRUE,TRUE,TRUE,TRUE,TRUE
"66","Genus:Desulfovibrio",0.620201677718225,0.599578515959516,-0.563110264060182,-0.976010233719802,0,0.749548633839237,0,-1.41331708456345,1.70872684153052,2.19883833976632,-2.36442364664842,10.3943555829351,0.579063683445596,0.122562312315962,0.121452002599104,3.45728284235169,3.49079399609158,4.20800406481778,3.72438043019927,3.81208794963029,4.07654449250069,0.0727661200697362,0.0596671600052279,1.03542759302716,-4.59448139823358,-8.0361806543567,0,0.214721531742767,0,-0.379477099896541,0.44823909209551,0.539387793708951,-32.4934687239397,0.953884316917311,0.33075119754349,0.0017681671734337,4.22720061954138e-05,1,0.835356849496387,1,0.714208488829568,0.665871577781439,0.604302591225463,8.77095693810957e-10,1,1,0.1626713799559,0.00371993654519641,1,1,1,1,1,1,8.77095693810957e-08,FALSE,FALSE,FALSE,TRUE,FALSE,FALSE,FALSE,FALSE,FALSE,FALSE,TRUE,TRUE,FALSE,TRUE,FALSE,TRUE,TRUE,TRUE,TRUE,FALSE,FALSE,FALSE
"67","Genus:Dialister",-0.180537773505974,-0.124025057375775,0.175689456479423,0.110117044858042,0,-0.508427169175984,0,1.2687061199259,0,-0.313602118688941,-1.00120857552066,10.3941427649246,0.540649898267219,0.0940562338204611,0.117027190220029,3.45610047570137,3.49103036147509,4.20073225786132,3.71720088377484,3.81153764213682,4.07498327773466,0.0506533254199307,-0.0173691835477963,-0.229399945830517,1.86791932169841,0.940952650841275,0,-0.145638140185396,0,0.341306848780668,0,-0.0769578909445923,-19.7659002093218,0.986521053931442,0.823686492089434,0.0946119184427695,0.371297094601683,1,0.887416707499344,1,0.740705769190165,1,0.940340729897822,1.00728399964876e-08,1,1,1,1,1,1,1,1,1,1,9.26701279676863e-07,FALSE,FALSE,FALSE,FALSE,FALSE,FALSE,FALSE,FALSE,FALSE,FALSE,TRUE,TRUE,FALSE,TRUE,TRUE,TRUE,TRUE,TRUE,TRUE,TRUE,TRUE,TRUE
"68","Genus:Flavobacterium",-0.115768484640373,0.154877349811896,0.199547913159468,-0.896346239710605,0,-0.103696684841975,0,1.44532472573315,0,-0.369765420613633,-0.992052447927848,10.235254749299,0.561874784212569,0.128375360480966,0.14703555908358,3.4055127298896,3.440682406942,4.14411847695621,3.66677308542566,3.75519184931532,4.01657804747698,0.081911005791749,-0.0113107575215265,0.275643887505909,1.55440975909902,-6.09611882525025,0,-0.0301384064488933,0,0.394168030598318,0,-0.0920598121691924,-12.1113449693201,0.991161383172208,0.787510807815126,0.146052606417149,5.36769001669092e-05,1,0.976452125500266,1,0.700371957204266,1,0.928169528669468,4.36272401921265e-08,1,1,1,0.0046698903145211,1,1,1,1,1,1,3.53380645556224e-06,FALSE,FALSE,FALSE,TRUE,FALSE,FALSE,FALSE,FALSE,FALSE,FALSE,TRUE,TRUE,FALSE,TRUE,FALSE,TRUE,TRUE,TRUE,TRUE,TRUE,TRUE,TRUE
"69","Genus:Alistipes",1.11056360639549,-1.10326028682638,-0.32514028097191,NA,0,-0.197204563291237,0,0.432981111878054,0,0.178753659932722,-1.47103293523862,10.6542056026546,0.547858700634521,0.0923818193407106,NA,3.53936530452651,3.57601854889813,4.29907361590667,3.80544879770862,3.90419202359183,4.17206636875781,0.0403309182335307,0.104237110472017,-2.01376793970526,-3.51952671307295,NA,0,-0.0551464039111321,0,0.113779250462854,0,0.0428453538686019,-36.4740749695011,0.921033317044868,0.100163514782754,0.0169276620521702,1,1,0.958157558841817,1,0.913840235248893,1,0.96748317159748,2.91669560359863e-07,1,1,1,1,1,1,1,1,1,1,2.27502257080693e-05,FALSE,FALSE,FALSE,FALSE,FALSE,FALSE,FALSE,FALSE,FALSE,FALSE,TRUE,TRUE,TRUE,TRUE,TRUE,TRUE,TRUE,TRUE,TRUE,TRUE,TRUE,TRUE
"70","Family:Micropepsaceae",-0.213187629566116,0.0728002497468068,-0.300632066316286,0.573923860644043,0,-0.92281257780416,0,0.303414631657575,0,-0.11423086790412,0.937954793672155,10.2352655967206,0.532228564318802,0.110088654728418,0.123928761938377,3.40611115110411,3.43930126067319,4.14166553011045,3.66266585909031,3.75603570942318,4.01747715818375,0.0759473894279982,-0.0208287344916992,0.136783807986675,-2.73081787635544,4.63107878806553,0,-0.268313970734723,0,0.0828398339708044,0,-0.02843348285663,12.3500597023336,0.983724605931892,0.893469765180812,0.0182388531414831,0.000579019737697935,1,0.793014481090795,1,0.935344702895052,1,0.977783823529697,3.50798572700327e-08,1,1,1,0.0451635395404389,1,1,1,1,1,1,2.98178786795278e-06,FALSE,FALSE,FALSE,TRUE,FALSE,FALSE,FALSE,FALSE,FALSE,FALSE,TRUE,TRUE,TRUE,FALSE,FALSE,TRUE,TRUE,TRUE,TRUE,TRUE,TRUE,FALSE
"71","Genus:Aeromonas",2.05767944885852,-1.38766466707276,0.467828208963963,0.54824124664422,0,-0.705787806839812,0,-0.237188744926339,0,-0.305353167071519,-1.57108015400226,9.7964018085111,0.568083163316661,0.134749616409829,0.167006554932518,3.26472721024155,3.29717291531565,3.97976689433925,3.52021195756573,3.59897998089168,3.85341690591438,0.0950641867237077,0.210044411109272,-2.44271394873086,3.47183332634583,3.28275286479471,0,-0.214058475235365,0,-0.0673791089245541,0,-0.0792421828540925,-16.5265196931459,0.83575800268263,0.0239848127009337,0.00240700538210897,0.00372072125970312,1,0.832668726419621,1,0.946948949354277,1,0.937627509945121,3.97803092525157e-13,1,1,0.216630484389808,0.249288324400109,1,1,1,1,1,1,4.53495525478679e-11,FALSE,FALSE,FALSE,FALSE,FALSE,FALSE,FALSE,FALSE,FALSE,FALSE,TRUE,TRUE,FALSE,TRUE,TRUE,TRUE,TRUE,TRUE,TRUE,TRUE,TRUE,FALSE
"72","Genus:Acetoanaerobium",-0.113645127309994,0.502407105425799,0.0951513319187694,-0.900982735575562,0,-0.00820629695093379,1.32627913328561,1.45690890713068,0,-0.739245982802117,-1.6729842238343,10.3941005036951,0.534681487499951,0.0975935784169952,0.116591375994423,3.4555511031802,3.49086280219962,4.19990916664314,3.71639449967789,3.81139193268212,4.07493289564827,0.0481241007490955,-0.0109336182837172,0.93963811572183,0.97497533610469,-7.7276962201618,0,-0.00235079331842058,0.315787575555036,0.392022135232671,0,-0.181413044517022,-34.7639581372487,0.991544150561468,0.3749036703847,0.358127898959341,5.5982296614549e-05,1,0.998181902934422,0.760244926647105,0.705278410739876,1,0.860555451622478,5.12705925959804e-10,1,1,1,0.00481447750885121,1,1,1,1,1,1,5.17832985219402e-08,FALSE,FALSE,FALSE,TRUE,FALSE,FALSE,FALSE,FALSE,FALSE,FALSE,TRUE,TRUE,TRUE,TRUE,FALSE,TRUE,TRUE,TRUE,TRUE,TRUE,TRUE,FALSE
"73","Order:Clostridia_UCG-014",-1.05649963520204,0.355123121145752,0.695171595914523,-0.835040298245936,0,-0.394128184467828,0,1.23131231076988,0,-0.295303049433417,0.745031042476751,10.446910523754,0.560790339444053,0.12595476510223,0.132625635802619,3.47268803774499,3.50814840832555,4.22193164130478,3.73773028812739,3.8304510797989,4.09454633502972,0.0869196571904887,-0.101130342104471,0.633254705310737,5.51921632619688,-6.29622088665188,0,-0.112346496953345,0,0.329427812028346,0,-0.072121066724056,8.57149080608979,0.921935661009954,0.544241194733779,0.000560898926793256,0.000233737131335166,1,0.913316533573991,1,0.750291766508489,1,0.944276048894816,2.64869295105044e-05,1,1,0.054968094825739,0.0191664447694836,1,1,1,1,1,1,0.00164218962965127,FALSE,FALSE,FALSE,TRUE,FALSE,FALSE,FALSE,FALSE,FALSE,FALSE,TRUE,TRUE,TRUE,TRUE,FALSE,TRUE,TRUE,TRUE,TRUE,TRUE,TRUE,FALSE
"74","Genus:Proteocatella",1.25457473185545,-0.37166307325325,0.104955515727562,0.0555360519480832,0,-0.0306594475647618,0,-0.26456834001329,0,-0.249726085423843,-1.56489831370278,10.394230670959,0.565870351251886,0.108129425937177,0.132278767967407,3.45578711314875,3.49081895735769,4.20363085275121,3.72064971665426,3.81162999332965,4.07527650936431,0.0625651765710322,0.120699142781262,-0.656798986607113,0.970647118653359,0.419841013047286,0,-0.00878288101997958,0,-0.0711081021223355,0,-0.0612783169068438,-25.0122895749538,0.906581012285293,0.527745758973666,0.357085466508529,0.684446589009293,1,0.993183968494461,1,0.944866769012924,1,0.952476792439972,1.2534603464506e-09,1,1,1,1,1,1,1,1,1,1,1.2409257429861e-07,FALSE,FALSE,FALSE,FALSE,FALSE,FALSE,FALSE,FALSE,FALSE,FALSE,TRUE,TRUE,FALSE,TRUE,TRUE,TRUE,TRUE,TRUE,TRUE,TRUE,TRUE,FALSE
"75","Genus:dgA-11_gut_group",-0.640173836961109,-1.7425561788007,0.489444176766428,1.70399571554197,0,-0.0845648597586321,0,1.16217412766859,0,-0.506956681248982,-1.06443432217403,10.4991630936686,0.539019645661621,0.0950310821466887,0.112812373340112,3.48933698599708,3.52511376742556,4.2401907615683,3.75190132605868,3.84908042582448,4.11456376946339,0.067710790361854,-0.0609737967921613,-3.23282498666964,5.15035886901644,15.104688121441,0,-0.0239892568972011,0,0.309756048112661,0,-0.123210310898912,-15.7203056778037,0.953084439479513,0.0143953183479527,0.00132348272441264,1.34013588473292e-06,1,0.981530706869382,1,0.76576418288451,1,0.905403601127382,1.02046493703089e-06,1,1,0.123083893370376,0.000135353724358025,1,1,1,1,1,1,7.55144053402862e-05,FALSE,FALSE,FALSE,TRUE,FALSE,FALSE,FALSE,FALSE,FALSE,FALSE,TRUE,TRUE,FALSE,TRUE,FALSE,TRUE,TRUE,TRUE,TRUE,TRUE,TRUE,FALSE
"76","Genus:Methylobacterium-Methylorubrum",2.45681669385185,-1.47793984228689,-0.923507294210273,-0.096570519513734,0,-0.466179751149419,0,-0.675788057328494,0,1.6958394291666,-0.456082158698451,10.3942891964406,0.55886988866193,0.115552087923784,0.118919530285535,3.4561486835367,3.4909674517785,4.20352795419674,3.72015976006932,3.81164674595701,4.07526384499535,0.0684389735228553,0.236362164590645,-2.64451506919693,-7.99212987669599,-0.812066102866875,0,-0.13353884205134,0,-0.18165565484099,0,0.416129971866529,-6.66407070740389,0.818443229184114,0.0267153119583015,2.23095418848388e-05,0.437704341728904,1,0.896705557879901,1,0.859878374991665,1,0.687062643184065,9.22417725462195e-05,1,1,0.00245404960733227,1,1,1,1,1,1,1,0.00516553926258829,FALSE,FALSE,TRUE,FALSE,FALSE,FALSE,FALSE,FALSE,FALSE,FALSE,TRUE,TRUE,FALSE,FALSE,TRUE,TRUE,TRUE,TRUE,TRUE,TRUE,TRUE,FALSE
"77","Genus:Comamonas",-1.00747127610261,-1.64483003065654,1.06357045563015,0.929548534644786,1.95332761462338,1.18905940658822,0,0.414132497842223,0,-0.310194412651924,-1.0947033795825,10.1275236774134,0.570902031541634,0.133361175027773,0.141377739864294,3.37067705147011,3.40405752790478,4.10553893049338,3.63146352408174,3.71844080890025,3.97711703217842,0.0963478300987577,-0.0994785406771732,-2.88110733502721,7.97511311225818,6.57492852507786,0.579506011639842,0.349306495804168,0,0.114040109475405,0,-0.0779947912375158,-11.3619930875497,0.922275997277528,0.0128660334021619,2.31372299083366e-06,1.7832561758203e-05,0.572154092675303,0.73245246830414,1,0.910948437590609,1,0.939019903005076,4.01288493696054e-08,1,1,0.00025913697497337,0.00162276311999647,1,1,1,1,1,1,3.33069449767725e-06,FALSE,FALSE,TRUE,TRUE,FALSE,FALSE,FALSE,FALSE,FALSE,FALSE,TRUE,TRUE,FALSE,FALSE,FALSE,TRUE,TRUE,TRUE,TRUE,TRUE,TRUE,FALSE
"78","Genus:Cloacibacillus",0.37250604008617,-1.22725993490646,0.662725629936696,1.26294282224524,0,-0.447915504544961,0,0.260338462427006,0,-0.567205981813189,-1.33553077605591,10.3414019601949,0.584623921610043,0.12151549476481,0.126603430182057,3.43967311317414,3.47461565301293,4.18934385123599,3.70802625086207,3.79282622964186,4.05547951355655,0.0832681151022775,0.0360208452896411,-2.09922976043576,5.45383641172169,9.97558139166626,0,-0.128910806050321,0,0.0702094442741556,0,-0.139861631631265,-16.0389216738663,0.971974640638579,0.0621576602355202,0.000279341886853175,1.62556776798755e-06,1,0.899984101525362,1,0.945411163223806,1,0.891546184610033,1.83408748862291e-08,1,1,0.0282135305721706,0.000160931209030767,1,1,1,1,1,1,1.65067873976062e-06,FALSE,FALSE,TRUE,TRUE,FALSE,FALSE,FALSE,FALSE,FALSE,FALSE,TRUE,TRUE,FALSE,FALSE,FALSE,TRUE,TRUE,TRUE,TRUE,TRUE,TRUE,TRUE
"79","Kingdom:Archaea",1.56146020030121,-0.859887018755867,0.000541940758826744,-0.243443007337132,0,0.662704923467757,0.195258867489316,-0.654828186350328,0,0.747906552650728,-1.50887138797105,9.68415261311786,0.59841961123756,0.14448503318127,0.168830238862626,3.23015815286259,3.26335815533468,3.94411478178059,3.48700856272485,3.55997415666397,3.81183637942359,0.155156921281943,0.161238702308976,-1.43692987764485,0.00375084357801149,-1.44193960144318,0,0.203074529954495,0.0495063856638486,-0.187790816848074,0,0.196206363076849,-9.72480876460037,0.873446536598263,0.165470794583243,0.997042670441917,0.164067766350305,1,0.841031537426915,0.960983595206716,0.852843327881575,1,0.846334927879925,3.15105591587767e-09,1,1,1,1,1,1,1,1,1,1,3.02501367924257e-07,FALSE,FALSE,FALSE,FALSE,FALSE,FALSE,FALSE,FALSE,FALSE,FALSE,TRUE,TRUE,FALSE,TRUE,TRUE,TRUE,TRUE,TRUE,TRUE,TRUE,TRUE,FALSE
"80","Genus:Aquaspirillum",1.19559745134452,-0.855793441556364,0.701317676832335,0.238769899733127,0,-0.651033122603701,0,-0.215422521210868,0,0.608148811660101,-0.831117149930487,10.4994287259788,0.577265615567054,0.113468908875764,0.153654618403774,3.49012112574367,3.5266004437207,4.24405122880626,3.75558517866137,3.8506074441535,4.11540404873735,0.0794137453705845,0.113872619410831,-1.48249509147658,6.18070345243381,1.55393897178988,0,-0.184606431319119,0,-0.0573605739086585,0,0.147773779793673,-10.4656586344351,0.91253599066244,0.181769405332915,0.000453710104003601,0.164145862903708,1,0.858772216314482,1,0.955860999113132,1,0.886687786830561,1.58362800091538e-05,1,1,0.0449173002963565,1,1,1,1,1,1,1,0.00104519448060415,FALSE,FALSE,TRUE,FALSE,FALSE,FALSE,FALSE,FALSE,FALSE,FALSE,TRUE,TRUE,TRUE,FALSE,TRUE,TRUE,TRUE,TRUE,TRUE,TRUE,TRUE,FALSE
"81","Genus:Methanosaeta",0.830885643758518,-1.98743314764707,-0.0405699436547925,1.06476070299153,0,-0.0925836107441051,0,0.707971336721905,0,-0.0698789354135088,-1.1545007557945,10.1813147369926,0.538614020356597,0.12223471354868,0.138351113522569,3.38820164474773,3.42190823706298,4.12141590153764,3.64520367580798,3.73678879495931,3.99647865474031,0.0816315835468536,0.0816088752015098,-3.68990236520627,-0.331901981662807,7.69607613470951,0,-0.0270561348610475,0,0.194219966752606,0,-0.0174851266453341,-14.1428195513548,0.936200835122568,0.00272195371393043,0.745253480403835,3.40824607245135e-06,1,0.97882589217909,1,0.849005755144861,1,0.986315107985489,2.84670020775259e-09,1,0.280361232534834,1,0.000323783376882878,1,1,1,1,1,1,2.76129920152001e-07,FALSE,FALSE,FALSE,TRUE,FALSE,FALSE,FALSE,FALSE,FALSE,FALSE,TRUE,TRUE,FALSE,TRUE,FALSE,TRUE,TRUE,TRUE,TRUE,TRUE,TRUE,TRUE
"82","Genus:Coprococcus",-0.997562309508126,-0.582007994275836,0.353228971780288,0.701121442287675,0,-0.0589828531710992,0,1.24405488313443,0,-0.851128549765857,0.0460767357836685,10.4468082027049,0.544692458793847,0.100567718826609,0.116228999486751,3.47316355836201,3.5082063301457,4.22114361264443,3.73501525873207,3.83109907707065,4.09511383462274,0.070741096503836,-0.0954896739895958,-1.06850753095539,3.51234944872617,6.03224191366797,0,-0.0168128233120911,0,0.333078929256301,0,-0.207840022069683,0.651343251106801,0.926274498340225,0.31646987469337,0.00793424536434544,0.000312000241138203,1,0.986997684500936,1,0.747635907167631,1,0.840547373169818,0.533084520484182,1,1,0.595068402325908,0.0249600192910563,1,1,1,1,1,1,1,FALSE,FALSE,FALSE,TRUE,FALSE,FALSE,FALSE,FALSE,FALSE,FALSE,FALSE,TRUE,FALSE,TRUE,FALSE,TRUE,TRUE,TRUE,TRUE,TRUE,TRUE,TRUE
"83","Genus:Subdoligranulum",0.862832364058363,-1.81749454054421,-0.0719431243013069,1.05021510512948,0,0.168553561418181,0,0.259594200998957,0,0.0518741686979146,-1.2632487567182,10.1273947815043,0.547177653210088,0.114821008601011,0.139599509481591,3.37183587119215,3.40620881264517,4.10144319350533,3.62857780147447,3.716657902627,3.97557015014132,0.0747377022086002,0.0851978601282689,-3.32158034941968,-0.626567604464269,7.52305727312008,0,0.0494842127095806,0,0.0715415832873892,0,0.0130482337724743,-16.9024296892664,0.933310494857898,0.00504111119756136,0.54102550671468,2.7799766163157e-06,1,0.961232467118232,1,0.943978702389985,1,0.989773432646055,1.03839682584761e-10,1,0.48394667496589,1,0.000266877755166307,1,1,1,1,1,1,1.07993269888151e-08,FALSE,FALSE,FALSE,TRUE,FALSE,FALSE,FALSE,FALSE,FALSE,FALSE,TRUE,TRUE,FALSE,TRUE,FALSE,TRUE,TRUE,TRUE,TRUE,TRUE,TRUE,TRUE
"84","Order:Saccharimonadales",0.449832821151774,-0.947878840830385,-0.530827805427549,0.590756014426097,0,0.300885822913081,0,0.68488353005229,0,-0.467234649471285,-1.11489278757682,10.2884756455275,0.555766146749224,0.119455498208995,0.125874307208238,3.42193869996949,3.45644846842037,4.16342750925595,3.68388535713791,3.77432543842212,4.03635790775068,0.072749131652291,0.0437220086483191,-1.70553540616804,-4.44372852975619,4.69322157578027,0,0.0870505739235246,0,0.185913366909005,0,-0.115756496363738,-15.3251696928222,0.965909577410635,0.116135675942732,0.000988896941150274,0.000657318667267441,1,0.932195748689028,1,0.855896686161581,1,0.90993170935908,9.09162807186087e-09,1,1,0.0929563124681258,0.050613537379593,1,1,1,1,1,1,8.45521410683061e-07,FALSE,FALSE,FALSE,FALSE,FALSE,FALSE,FALSE,FALSE,FALSE,FALSE,TRUE,TRUE,FALSE,TRUE,TRUE,TRUE,TRUE,TRUE,TRUE,TRUE,TRUE,FALSE
"85","Genus:Tolumonas",-0.247259008465939,-0.112342827401781,0.356238436162486,0.387392144933368,0,-0.234358307996765,0,0.60338997759144,0,-0.696334244062972,-0.182178436075732,10.5510749593846,0.561153989086626,0.0978559124818059,0.119575711776713,3.5067409899586,3.54265418023112,4.26251270846512,3.77287285517991,3.86755933837781,4.13366134218257,0.0541299478368844,-0.0234344850565217,-0.20019964142933,3.64043855018695,3.23972267592901,0,-0.0661533121986734,0,0.159928521514586,0,-0.168454594225493,-3.36557568140856,0.982063624419928,0.847937689262465,0.0108292118934064,0.0176930490876676,1,0.949404966408721,1,0.878185576959393,1,0.871760789095449,0.0151249505969189,1,1,0.758044832538449,1,1,1,1,1,1,1,0.544498221489081,FALSE,FALSE,FALSE,FALSE,FALSE,FALSE,FALSE,FALSE,FALSE,FALSE,FALSE,TRUE,FALSE,TRUE,TRUE,TRUE,TRUE,TRUE,TRUE,TRUE,TRUE,FALSE
"86","Genus:Stenotrophomonas",-0.977477329350487,0.601319374389891,0.553154285870218,NA,0,0.452435283002078,0,0.606686599671651,0,-0.250310907498046,-1.16272696522614,10.7057869740984,0.560312361117215,0.110272045876109,NA,3.55638876261541,3.59332276939369,4.31927412500966,3.82332986943972,3.92288542819937,4.19231988915674,0.0752240005141296,-0.0913036408921078,1.07318598717135,5.01626936795648,NA,0,0.125910003647799,0,0.158680161113212,0,-0.0597070152364719,-15.4568616037344,0.931640937715785,0.34361811981453,0.00740481938403391,1,1,0.905878094311348,1,0.881610072714937,1,0.955252965478251,0.000102245358421311,1,1,0.562766273186578,1,1,1,1,1,1,1,0.00562349471317212,FALSE,FALSE,FALSE,FALSE,FALSE,FALSE,FALSE,FALSE,FALSE,FALSE,TRUE,TRUE,TRUE,TRUE,TRUE,TRUE,TRUE,TRUE,TRUE,TRUE,TRUE,TRUE
"87","Genus:Agathobacter",1.26017146315401,-0.195085620908064,-0.481531043691078,-0.757654206637947,0,-0.249134623817593,0,0.290497904777733,0,0.148059737108882,-0.342460178515162,10.6542065868954,0.54486008871482,0.0948594835100657,0.116511401391633,3.5399219410221,3.57610030739034,4.29820439148953,3.80459046476545,3.90427542525506,4.17210784501534,0.0399047869704058,0.118279240493047,-0.358047184862116,-5.07625622524059,-6.50283317845627,0,-0.0696665648060077,0,0.0763545794134881,0,0.0354879937453624,-8.5819322571284,0.911548174315767,0.738403281346838,0.00709928114095413,0.00288533758205922,1,0.947802840707475,1,0.942803513670706,1,0.973390985742131,0.00101271499745669,1,1,0.553743928994422,0.199088293162086,1,1,1,1,1,1,0.0465848898830077,FALSE,FALSE,FALSE,FALSE,FALSE,FALSE,FALSE,FALSE,FALSE,FALSE,TRUE,TRUE,TRUE,TRUE,TRUE,TRUE,TRUE,TRUE,TRUE,TRUE,TRUE,TRUE
"88","Genus:Conchiformibius",NA,NA,NA,NA,NA,NA,NA,NA,NA,NA,NA,NA,NA,NA,NA,NA,NA,NA,NA,NA,NA,NA,NA,NA,NA,NA,NA,NA,NA,NA,NA,NA,NA,1,1,1,1,1,1,1,1,1,1,1,1,1,1,1,1,1,1,1,1,1,1,FALSE,FALSE,FALSE,FALSE,FALSE,FALSE,FALSE,FALSE,FALSE,FALSE,FALSE,TRUE,FALSE,TRUE,TRUE,TRUE,TRUE,TRUE,TRUE,TRUE,TRUE,TRUE
"89","Family:Obscuribacteraceae",0.928777043158279,-1.40282261155187,0.383833080759442,0.658005912408339,0,0.565937385099143,0,-0.889520051388653,0,-0.0751422580823845,-0.423273289138857,10.7564749229363,0.549466064253389,0.0982069174814963,0.114924682970273,3.57239914127483,3.60948818954407,4.33734385156101,3.83950555257078,3.94075267041843,4.21072327117145,0.0551951229372406,0.0863458567804428,-2.55306506227644,3.90841185735987,5.72554037480825,0,0.156791587998139,0,-0.231675677820824,0,-0.0178454515396067,-7.66867191545417,0.939057743857007,0.125238894474624,0.0596647732877651,0.0291762858803492,1,0.889806773082247,1,0.838335475171713,1,0.987382364716499,0.0165825520448418,1,1,1,1,1,1,1,1,1,1,0.580389321569464,FALSE,FALSE,FALSE,FALSE,FALSE,FALSE,FALSE,FALSE,FALSE,FALSE,FALSE,TRUE,FALSE,TRUE,TRUE,TRUE,TRUE,TRUE,TRUE,TRUE,TRUE,TRUE
"90","Genus:C39",NA,NA,NA,NA,NA,NA,NA,NA,NA,NA,NA,NA,NA,NA,NA,NA,NA,NA,NA,NA,NA,NA,NA,NA,NA,NA,NA,NA,NA,NA,NA,NA,NA,1,1,1,1,1,1,1,1,1,1,1,1,1,1,1,1,1,1,1,1,1,1,FALSE,FALSE,FALSE,FALSE,FALSE,FALSE,FALSE,FALSE,FALSE,FALSE,FALSE,TRUE,FALSE,TRUE,TRUE,TRUE,TRUE,TRUE,TRUE,TRUE,TRUE,FALSE
"91","Genus:Phascolarctobacterium",-0.177885665070686,0.0380549736060284,0.103329787919106,0.0421521477217561,0,-0.098219869551728,0,0.751064317507825,0,0.220036397836546,-0.837975167686991,10.1811163542812,0.683448546157603,0.146242029391447,0.134055563170522,3.3877592096002,3.42173942175525,4.15615442252281,3.68104215299181,3.73593010184365,3.99580010396238,0.128288134749971,-0.0174721178779069,0.0556808172611914,0.70656697222467,0.314437884745877,0,-0.0287046608304685,0,0.204035782882135,0,0.0550669182921212,-6.53197717248113,0.986325288298511,0.956442753049567,0.492306173812806,0.758177924973448,1,0.977536127756648,1,0.841484981183058,1,0.956922460381174,1.90622440317813e-05,1,1,1,1,1,1,1,1,1,1,0.00123904586206578,FALSE,FALSE,FALSE,FALSE,FALSE,FALSE,FALSE,FALSE,FALSE,FALSE,TRUE,TRUE,FALSE,TRUE,TRUE,TRUE,TRUE,FALSE,TRUE,TRUE,TRUE,TRUE
"92","Genus:unidentified_Chloroplast",-0.708691370953268,-0.299522091740834,0.277549952552271,0.0843028117106822,0,-0.428510593211125,0,1.45853024840404,0,-0.257570689880934,-0.098340925050581,10.4470691762312,0.63202447145093,0.124772021899634,0.14899212475676,3.47396464694653,3.50897971783962,4.23111540525456,3.74608527877124,3.83098113794072,4.09587084173961,0.119739494864098,-0.067836381572514,-0.473909010284404,2.22445663961052,0.56582058849293,0,-0.122118287270964,0,0.389347849785859,0,-0.062885452162241,-0.821290628979152,0.947580700504307,0.648228974020586,0.0567859477453817,0.587031205829743,1,0.905817232460069,1,0.707178065666047,1,0.951400547464184,0.435270597250221,1,1,1,1,1,1,1,1,1,1,1,FALSE,FALSE,FALSE,FALSE,FALSE,FALSE,FALSE,FALSE,FALSE,FALSE,FALSE,TRUE,FALSE,TRUE,TRUE,TRUE,TRUE,TRUE,TRUE,TRUE,TRUE,TRUE
"93","Genus:Uruburuella",-0.10516710157441,0.216672440084815,-0.193289761062896,0.0746855481626704,0,-0.341376306490384,0,0.984551313670744,0,-1.05473434232752,-1.2223877971661,10.6027450194678,0.544936984595523,0.0941655840218624,0.114361692714464,3.52275697737993,3.55908956030105,4.27911921172664,3.78747331291643,3.88588626026197,4.15289476086464,0.0405644604420036,-0.00991885604919403,0.397610083752416,-2.05265823039998,0.653064381874301,0,-0.0959167508168884,0,0.259949373191127,0,-0.253975697209318,-30.134452272915,0.992469619949435,0.707324880339787,0.0953197225961788,0.542547903706211,1,0.927312415732926,1,0.805267614915366,1,0.8096278673905,7.54878092562827e-07,1,1,1,1,1,1,1,1,1,1,5.81256131273376e-05,FALSE,FALSE,FALSE,FALSE,FALSE,FALSE,FALSE,FALSE,FALSE,FALSE,TRUE,TRUE,FALSE,TRUE,TRUE,TRUE,TRUE,TRUE,TRUE,TRUE,TRUE,FALSE
"94","Genus:Prevotella_9",0.031845012634489,0.871230004120045,-0.0791434011990848,-1.05529109994531,0,-0.270582005778639,0,1.15867358558819,0,-0.164361033600545,-0.496003896958364,10.2883033871416,0.536908245535191,0.107669794857916,0.118777134888611,3.42175315026377,3.45622609623419,4.16150118132958,3.68143664168328,3.77428129294914,4.03587977324511,0.0818109346114847,0.00309526376081492,1.62267950132076,-0.735056673076463,-8.88463171750149,0,-0.0782882827235919,0,0.314734083012333,0,-0.0407249578369843,-6.06280687678068,0.997585761881239,0.132942933720793,0.477684141173329,2.37776225181783e-06,1,0.939004711029084,1,0.758852982095222,1,0.968244942750851,8.15846389701039e-05,1,1,1,0.00023064293842633,1,1,1,1,1,1,0.00473190906026603,FALSE,FALSE,FALSE,TRUE,FALSE,FALSE,FALSE,FALSE,FALSE,FALSE,TRUE,TRUE,FALSE,TRUE,FALSE,TRUE,TRUE,TRUE,TRUE,TRUE,TRUE,FALSE
"95","Order:Candidatus_Nomurabacteria",-0.523661311062983,1.94879909881544,-1.22272096771516,-1.55808037206479,0,-0.489929265256309,0,2.12867349331223,0,-0.504191902269667,-0.668437944161943,10.7054831052429,0.544874629694471,0.0902383238918131,0.114664718671797,3.55591161991733,3.59288834548454,4.31747900889532,3.82169191006551,3.9226137950983,4.19138540515088,0.039053075032676,-0.0489152433304507,3.5766009144309,-13.5499077884146,-13.5881410612836,0,-0.136360837895795,0,0.556997671033021,0,-0.120292422083174,-17.1161411387619,0.964061256049879,0.037376427413176,0.000869382830354582,0.00086215840765166,1,0.900172338930638,1,0.616384984491409,1,0.911855536055135,0.000434452233555666,1,1,0.0825913688836853,0.0646618805738745,1,1,1,1,1,1,0.0217226116777833,FALSE,FALSE,FALSE,FALSE,FALSE,FALSE,FALSE,FALSE,FALSE,FALSE,TRUE,TRUE,FALSE,TRUE,TRUE,TRUE,TRUE,TRUE,TRUE,TRUE,TRUE,FALSE
"96","Genus:Monoglobus",NA,NA,NA,NA,NA,NA,NA,NA,NA,NA,NA,NA,NA,NA,NA,NA,NA,NA,NA,NA,NA,NA,NA,NA,NA,NA,NA,NA,NA,NA,NA,NA,NA,1,1,1,1,1,1,1,1,1,1,1,1,1,1,1,1,1,1,1,1,1,1,FALSE,FALSE,FALSE,FALSE,FALSE,FALSE,FALSE,FALSE,FALSE,FALSE,FALSE,TRUE,FALSE,TRUE,TRUE,TRUE,TRUE,TRUE,TRUE,TRUE,TRUE,FALSE
"97","Family:Comamonadaceae",1.2491280449312,-1.57539929270062,-0.393351533440786,1.10922333712901,0,-0.231406586675483,0,0.0804262703982751,0,-0.176390463784617,-1.37733442845349,10.2881169094396,0.538359739730499,0.102017292372848,0.122463162044969,3.42173351105183,3.45625617260653,4.16075834562403,3.68139133541463,3.7736494199601,4.03563144074853,0.060858481336758,0.121414643313889,-2.9262947736197,-3.85573390835727,9.05760817054271,0,-0.0669529615627328,0,0.0218467049739,0,-0.0437082687986741,-22.6317581083246,0.905552177585871,0.0137814448322943,0.00267291242691023,1.969212793295e-06,1,0.947820587945286,1,0.98296149622885,1,0.965920283047793,1.41347879549375e-10,1,1,0.23254338114119,0.00019298285374291,1,1,1,1,1,1,1.44174837140362e-08,FALSE,FALSE,FALSE,TRUE,FALSE,FALSE,FALSE,FALSE,FALSE,FALSE,TRUE,TRUE,FALSE,TRUE,FALSE,TRUE,TRUE,TRUE,TRUE,TRUE,TRUE,TRUE
"98","Genus:Paracoccus",0.897750616323027,-0.144030812629289,-0.0622151858732259,0.739406813890346,0,0.407017902228351,0,-0.650762516433941,0,0.172230460204732,-1.92427978828617,10.654200669275,0.546354475260234,0.0905213521020809,0.112672082048618,3.53932120695438,3.57590149538641,4.29842213931775,3.80479207257648,3.90421272629531,4.17206586605078,0.0371860065658108,0.0842625969033979,-0.263621548191191,-0.687298459738713,6.56246694341988,0,0.113822459246565,0,-0.171037603112242,0,0.0412818171463248,-51.7474169989355,0.936896359680217,0.805095184890965,0.529671389763937,0.00278917240000568,1,0.91486278606188,1,0.87249763930188,1,0.969049624724234,8.34672476903232e-07,1,1,1,0.195242068000397,1,1,1,1,1,1,6.34351082446456e-05,FALSE,FALSE,FALSE,FALSE,FALSE,FALSE,FALSE,FALSE,FALSE,FALSE,TRUE,TRUE,FALSE,TRUE,TRUE,TRUE,TRUE,TRUE,TRUE,TRUE,TRUE,TRUE
"99","Genus:Zoogloea",0.00366699942417621,1.74965558046154,-1.81361751229017,-1.27796108982566,0,-0.0806485369311441,0.88400885470524,1.22312478749753,0,0.549495998093143,1.30158767637799,10.6542325740823,0.545830250665114,0.0929388291659445,0.115931855600936,3.53952302433257,3.57610418925627,4.29842836685372,3.80476077810735,3.90425066922626,4.17215976482482,0.039486971256731,0.000344182408134831,3.20549397606585,-19.51409898926,-11.0233816512408,0,-0.022552065785286,0.205658622002883,0.32147219203252,0,0.131705406568057,32.962459134065,0.999746989730793,0.0491250430698616,0.000293991437380911,0.00159884811528011,1,0.983423732704674,0.85022243428325,0.768948297795393,1,0.903553945368784,6.13726457944737e-05,1,1,0.0293991437380911,0.115117064300168,1,1,1,1,1,1,0.00362098610187395,FALSE,FALSE,TRUE,FALSE,FALSE,FALSE,FALSE,FALSE,FALSE,FALSE,TRUE,TRUE,TRUE,FALSE,TRUE,TRUE,TRUE,TRUE,TRUE,TRUE,TRUE,TRUE
"100","Genus:Hydrogenophaga",-0.955951456968477,-0.00914457959990269,0.689589233763909,0.450715897814178,0,0.211319648864005,0,0.556764929385086,0,-0.562679144805176,-0.550339067397728,10.6542420741341,0.543078562512099,0.0937393742443601,0.116871596798545,3.53969998605935,3.57622130476687,4.29799575131268,3.80436399300446,3.90430958453458,4.17207982147085,0.0401457584228176,-0.0897249612235954,-0.0168384101880268,7.35645228403473,3.85650500344486,0,0.059090204675625,0,0.146349016657943,0,-0.13486778031174,-13.7085233663174,0.932818906230739,0.987371938276759,0.00181880111069487,0.0182013652543255,1,0.955714554855539,1,0.890725266553546,1,0.899230648625292,0.000164035086859878,1,1,0.165510901073233,1,1,1,1,1,1,1,0.00869385960357356,FALSE,FALSE,FALSE,FALSE,FALSE,FALSE,FALSE,FALSE,FALSE,FALSE,TRUE,TRUE,TRUE,TRUE,TRUE,TRUE,TRUE,TRUE,TRUE,TRUE,TRUE,FALSE
"101","Genus:Sebaldella",NA,NA,NA,NA,NA,NA,NA,NA,NA,NA,NA,NA,NA,NA,NA,NA,NA,NA,NA,NA,NA,NA,NA,NA,NA,NA,NA,NA,NA,NA,NA,NA,NA,1,1,1,1,1,1,1,1,1,1,1,1,1,1,1,1,1,1,1,1,1,1,FALSE,FALSE,FALSE,FALSE,FALSE,FALSE,FALSE,FALSE,FALSE,FALSE,FALSE,TRUE,TRUE,TRUE,TRUE,TRUE,TRUE,TRUE,TRUE,TRUE,TRUE,FALSE
"102","Genus:Saccharofermentans",NA,NA,NA,NA,NA,NA,NA,NA,NA,NA,NA,NA,NA,NA,NA,NA,NA,NA,NA,NA,NA,NA,NA,NA,NA,NA,NA,NA,NA,NA,NA,NA,NA,1,1,1,1,1,1,1,1,1,1,1,1,1,1,1,1,1,1,1,1,1,1,FALSE,FALSE,FALSE,FALSE,FALSE,FALSE,FALSE,FALSE,FALSE,FALSE,FALSE,TRUE,FALSE,TRUE,TRUE,TRUE,TRUE,TRUE,TRUE,TRUE,TRUE,FALSE
"103","Genus:Pseudarcobacter",0.0544890551655528,-1.41135384372454,-0.0559633633521647,2.27516417659236,0,-0.419661239484552,0,0.357221863891823,0,-1.64687964092585,-1.8031020358931,10.7054447562726,0.544787583237536,0.0926203570498365,0.11665809803951,3.55605004736964,3.59295631984877,4.31742537337447,3.82169635153678,3.92257390559333,4.19128211398801,0.040249461029667,0.0050898450653931,-2.59064980030788,-0.604223144184732,19.5028396213163,0,-0.116801096959124,0,0.0934720686922647,0,-0.392929799554542,-44.7981659820008,0.996258449996384,0.0810284717533922,0.588330091197852,0.000294497720413545,1,0.914398148357167,1,0.931421256314954,1,0.720627856474956,2.44856444587109e-05,1,1,1,0.0238543153534972,1,1,1,1,1,1,0.00154259560089879,FALSE,FALSE,FALSE,TRUE,FALSE,FALSE,FALSE,FALSE,FALSE,FALSE,TRUE,TRUE,TRUE,TRUE,FALSE,TRUE,TRUE,TRUE,TRUE,TRUE,TRUE,FALSE
"104","Genus:UCG-005",-0.752500818954208,-0.794621802021313,0.265582545508118,0.884595863448744,0,-0.387947195956961,0,1.48662665273004,0,-0.768589833810527,0.00322832071128246,10.3940825981552,0.53739552323106,0.0926159052717059,0.113213797859262,3.45551469773521,3.49070464805504,4.20008794529114,3.71676477149443,3.8113596549072,4.0748270482497,0.0375719465984772,-0.0723970405130091,-1.47865355714855,2.86756950362881,7.81349870930397,0,-0.111137215855005,0,0.399978676114145,0,-0.188619007557797,0.0859237011534906,0.943869319119072,0.173356875583483,0.0185500462027241,2.6711947740053e-05,1,0.913946556058002,1,0.698499244870953,1,0.854576077665385,0.933408243214038,1,1,1,0.00240407529660477,1,1,1,1,1,1,1,FALSE,FALSE,FALSE,TRUE,FALSE,FALSE,FALSE,FALSE,FALSE,FALSE,FALSE,TRUE,FALSE,TRUE,FALSE,TRUE,TRUE,TRUE,TRUE,TRUE,TRUE,FALSE
"105","Genus:Rikenellaceae_RC9_gut_group",0.469927373733063,-0.379268100745484,-0.106965332690075,-0.424457383406862,0,-0.397842699637356,0,1.54966192071788,0,-0.526298230830988,-1.43196290179409,9.96309155174391,0.546567869783425,0.116334141525875,0.126089435842929,3.31742283144717,3.35042464024608,4.04241678576384,3.57441920242301,3.65815572480642,3.91442318772052,0.0813589092242806,0.0471668227971677,-0.693908518434806,-0.919466386110593,-3.36631995035344,0,-0.11874396303632,0,0.433542299590211,0,-0.134451030354096,-17.600566618299,0.9629299475903,0.497112943518428,0.370714827152566,0.00366535299551594,1,0.906870066767434,1,0.670072150277035,1,0.894624910471864,2.38963825040993e-12,1,1,1,0.249244003695084,1,1,1,1,1,1,2.65249845795502e-10,FALSE,FALSE,FALSE,FALSE,FALSE,FALSE,FALSE,FALSE,FALSE,FALSE,TRUE,TRUE,FALSE,TRUE,FALSE,TRUE,TRUE,TRUE,TRUE,TRUE,TRUE,TRUE
"106","Family:Synergistaceae",-0.787773708376337,-0.236691417692819,0.89324026546978,1.08689615147598,0,-0.78005264928827,0,1.2255815909407,0,-1.61116998130115,-1.2725836791897,10.6543443013347,0.551409176498223,0.0939531300467795,0.123004820033617,3.5406383859688,3.57686927939544,4.29892232572555,3.80521424676956,3.90452791668113,4.17222216959436,0.0486513232588853,-0.0739392013338308,-0.429248238478639,9.50729651077121,8.83620781022184,0,-0.218082515282782,0,0.322079523375368,0,-0.386165912506474,-26.1572264420843,0.944608668807105,0.689852149220405,0.000683205972681756,0.000905496183726896,1,0.838038760492389,1,0.763522512116845,1,0.719034785121596,1.26930105752675e-05,1,1,0.0662709793501303,0.0670067175957903,1,1,1,1,1,1,0.000888510740268724,FALSE,FALSE,FALSE,FALSE,FALSE,FALSE,FALSE,FALSE,FALSE,FALSE,TRUE,TRUE,TRUE,TRUE,TRUE,TRUE,TRUE,TRUE,TRUE,TRUE,TRUE,TRUE
"107","Genus:Allorhizobium-Neorhizobium-Pararhizobium-Rhizobium",NA,NA,NA,NA,NA,NA,NA,NA,NA,NA,NA,NA,NA,NA,NA,NA,NA,NA,NA,NA,NA,NA,NA,NA,NA,NA,NA,NA,NA,NA,NA,NA,NA,1,1,1,1,1,1,1,1,1,1,1,1,1,1,1,1,1,1,1,1,1,1,FALSE,FALSE,FALSE,FALSE,FALSE,FALSE,FALSE,FALSE,FALSE,FALSE,FALSE,TRUE,FALSE,TRUE,TRUE,TRUE,TRUE,TRUE,TRUE,TRUE,TRUE,FALSE
"108","Genus:Christensenellaceae_R-7_group",-0.16787272133947,-0.281602106906886,0.824555566782783,-0.338353430819988,0,0.257464028291367,0,0.644436841642834,0,-0.115831163173154,-1.264431406111,10.2884471670175,0.57960075100155,0.122265673742656,0.127830728690125,3.42240308363532,3.45644915495033,4.16672999923682,3.6876949112566,3.77440684068375,4.03597739471736,0.0856869242568994,-0.0163166237445076,-0.485855317509988,6.743966164357,-2.64688650598395,0,0.0744880126249296,0,0.17475329634122,0,-0.0286996560795321,-14.7564102350095,0.987273983752013,0.636603241111783,3.18296885665921e-05,0.0227122788040423,1,0.941959425153733,1,0.864448446692468,1,0.977618208028285,1.35385065752387e-08,1,1,0.00343760636519194,1,1,1,1,1,1,1,1.23200409834672e-06,FALSE,FALSE,TRUE,FALSE,FALSE,FALSE,FALSE,FALSE,FALSE,FALSE,TRUE,TRUE,FALSE,FALSE,TRUE,TRUE,TRUE,TRUE,TRUE,TRUE,TRUE,FALSE
"109","Genus:Brevundimonas",-0.0569040910924984,2.22575378197843,-0.549090375432036,-2.34369970385738,0,0.384492056297374,0,0.990093946199017,0,-0.295591141825466,NA,10.7054429836824,0.54471533690552,0.096596354396993,0.11691076654744,3.55593523569814,3.59287853058933,4.31741312262122,3.8217318169898,3.92251724750802,4.19131786312593,NA,-0.00531543544524348,4.0860861282569,-5.68437990087469,-20.0469107599799,0,0.107015044628939,0,0.259069446421509,0,-0.0705246300754225,NA,0.996013446881759,0.0150232401520418,0.00472863352524205,3.6541902488925e-05,1,0.919929636339307,1,0.808367762684751,1,0.947161263794897,1,1,1,0.387747949069848,0.00325222932151433,1,1,1,1,1,1,1,FALSE,FALSE,FALSE,TRUE,FALSE,FALSE,FALSE,FALSE,FALSE,FALSE,FALSE,TRUE,TRUE,TRUE,FALSE,TRUE,TRUE,TRUE,TRUE,TRUE,TRUE,FALSE
"110","Genus:Microbacterium",-1.40944459135654,-0.870562340059908,0.466830673142829,1.39193620214548,0,0.379989989409104,0,0.973926403558605,0,0.50612699649674,-0.974439800577541,10.602810800555,0.542089443606976,0.0979871816234892,0.116914455138365,3.5231779527975,3.5592348085118,4.27897598089475,3.78700286771276,3.88602268589402,4.15300062352091,0.0546571902660526,-0.132931221528801,-1.60593855926676,4.76420145378405,11.9055954244337,0,0.106761708584207,0,0.257176040679057,0,0.121870195162082,-17.828208801702,0.899432008503756,0.169195803169545,0.00504062626370893,7.36661786508648e-05,1,0.919129352124016,1,0.807290915081945,1,0.907748385074992,1.01914495007685e-05,1,1,0.408290727360423,0.00626162518532351,1,1,1,1,1,1,0.000723592914554565,FALSE,FALSE,FALSE,TRUE,FALSE,FALSE,FALSE,FALSE,FALSE,FALSE,TRUE,TRUE,TRUE,TRUE,FALSE,TRUE,TRUE,TRUE,TRUE,TRUE,TRUE,FALSE
"111","Genus:Treponema",2.02445448091822,-1.35624984990751,0.531721812546055,-0.367696948969022,0,-1.3679397588407,0,0.88654558945523,0,-1.50037463195354,-1.28296911679071,10.6542490646026,0.548585729634203,0.0984948945179945,0.117965284430298,3.53954181428552,3.57613399362041,4.29846298098602,3.80498992486801,3.90428025508952,4.1721508412553,0.0516686771325549,0.190013812202328,-2.4722660044618,5.39847080549858,-3.1169928572188,0,-0.382519156519585,0,0.232995515615191,0,-0.359616583637737,-24.8306941069787,0.858551531091048,0.0687792725003528,0.00569800639744098,0.0356300397045507,1,0.721532796229283,1,0.827201948215215,1,0.737315866325218,1.5614011147791e-05,1,1,0.455840511795278,1,1,1,1,1,1,1,0.00104519448060415,FALSE,FALSE,FALSE,FALSE,FALSE,FALSE,FALSE,FALSE,FALSE,FALSE,TRUE,TRUE,TRUE,TRUE,TRUE,TRUE,TRUE,TRUE,TRUE,TRUE,TRUE,FALSE
"112","Genus:TM7a",0.681101441653917,0.28107593949153,-0.853696979423037,-0.587850675602476,0,0.416819748514467,0,0.457450535470549,0,-0.412753645978729,-0.982710941851856,10.6542037230845,0.544032121063266,0.0955664683774147,0.114629728138425,3.53937714463658,3.57596389646432,4.29823274633978,3.80464061414896,3.90418206167214,4.17208336501297,0.0380794846451587,0.0639279536375086,0.516653205958116,-8.9330179708178,-5.1282567371406,0,0.116561509171441,0,0.120234887302982,0,-0.0989322623416576,-25.8068340737588,0.952094812853537,0.632649487174184,0.00086840011980372,0.00684678044073104,1,0.912825437691124,1,0.910094396465239,1,0.925951713768287,1.33929872317962e-05,1,1,0.0825913688836853,0.451887509088248,1,1,1,1,1,1,0.000924116118993938,FALSE,FALSE,FALSE,FALSE,FALSE,FALSE,FALSE,FALSE,FALSE,FALSE,TRUE,TRUE,FALSE,TRUE,TRUE,TRUE,TRUE,TRUE,TRUE,TRUE,TRUE,TRUE
"113","Family:Mitochondria",2.77060616410629,-0.177829454517307,0.0946185426426568,-0.438306975043403,0,-0.0989484344997914,-1.87116396429374,-2.2954627061534,0,0.710902527366605,-0.0691576698786534,10.2355831539042,0.555410991729013,0.116289797545456,0.149470222599437,3.40605514041845,3.44226303135376,4.14416934414247,3.66608111126563,3.75514535829436,4.0160165580581,0.122874771468426,0.270683762951941,-0.320176332779656,0.813644400796824,-2.93240330696513,0,-0.028745169558085,-0.451517254462229,-0.626135275376094,0,0.177016831750902,-0.562830506638414,0.791645955829398,0.754834178232579,0.433108275342429,0.0136316979605093,1,0.977582724417575,0.660389096309022,0.543999968945929,1,0.862712435908093,0.58483892005205,1,1,1,0.872428669472593,1,1,1,1,1,1,1,FALSE,FALSE,FALSE,FALSE,FALSE,FALSE,FALSE,FALSE,FALSE,FALSE,FALSE,TRUE,FALSE,TRUE,TRUE,TRUE,TRUE,FALSE,FALSE,TRUE,TRUE,FALSE
"114","Order:Bacteroidales",NA,NA,NA,NA,NA,NA,NA,NA,NA,NA,NA,NA,NA,NA,NA,NA,NA,NA,NA,NA,NA,NA,NA,NA,NA,NA,NA,NA,NA,NA,NA,NA,NA,1,1,1,1,1,1,1,1,1,1,1,1,1,1,1,1,1,1,1,1,1,1,FALSE,FALSE,FALSE,FALSE,FALSE,FALSE,FALSE,FALSE,FALSE,FALSE,FALSE,TRUE,FALSE,TRUE,TRUE,TRUE,TRUE,TRUE,TRUE,TRUE,TRUE,FALSE
