"","taxon","lfc_(Intercept)","lfc_Wheezing.treatmentYes","lfc_Respiratory.syncytial.virusYes","lfc_Family.history.atopyNo","lfc_Family.history.atopyYes","lfc_BreastfeedingYes","lfc_Cesarean.sectionNo","lfc_Cesarean.sectionYes","lfc_Previous.antibioticsYes","lfc_Age_olderYes","se_(Intercept)","se_Wheezing.treatmentYes","se_Respiratory.syncytial.virusYes","se_Family.history.atopyNo","se_Family.history.atopyYes","se_BreastfeedingYes","se_Cesarean.sectionNo","se_Cesarean.sectionYes","se_Previous.antibioticsYes","se_Age_olderYes","W_(Intercept)","W_Wheezing.treatmentYes","W_Respiratory.syncytial.virusYes","W_Family.history.atopyNo","W_Family.history.atopyYes","W_BreastfeedingYes","W_Cesarean.sectionNo","W_Cesarean.sectionYes","W_Previous.antibioticsYes","W_Age_olderYes","p_(Intercept)","p_Wheezing.treatmentYes","p_Respiratory.syncytial.virusYes","p_Family.history.atopyNo","p_Family.history.atopyYes","p_BreastfeedingYes","p_Cesarean.sectionNo","p_Cesarean.sectionYes","p_Previous.antibioticsYes","p_Age_olderYes","q_(Intercept)","q_Wheezing.treatmentYes","q_Respiratory.syncytial.virusYes","q_Family.history.atopyNo","q_Family.history.atopyYes","q_BreastfeedingYes","q_Cesarean.sectionNo","q_Cesarean.sectionYes","q_Previous.antibioticsYes","q_Age_olderYes","diff_(Intercept)","diff_Wheezing.treatmentYes","diff_Respiratory.syncytial.virusYes","diff_Family.history.atopyNo","diff_Family.history.atopyYes","diff_BreastfeedingYes","diff_Cesarean.sectionNo","diff_Cesarean.sectionYes","diff_Previous.antibioticsYes","diff_Age_olderYes","passed_ss_(Intercept)","passed_ss_Wheezing.treatmentYes","passed_ss_Respiratory.syncytial.virusYes","passed_ss_Family.history.atopyNo","passed_ss_Family.history.atopyYes","passed_ss_BreastfeedingYes","passed_ss_Cesarean.sectionNo","passed_ss_Cesarean.sectionYes","passed_ss_Previous.antibioticsYes","passed_ss_Age_olderYes"
"1","Genus:Haemophilus",2.4675921437287,-0.543397034647759,0.0159485283636874,-1.63402951890414,-1.67916163980759,-0.151039781093573,0,-0.239165387243686,-1.07393452898526,0.562464385915297,7.51878802287499,0.27105581392969,0.423021751147175,4.19750167721114,4.19962288105788,0.283763538730623,2.94588008845976,3.21351216015185,1.3451508668167,0.519551922476679,0.328190146632856,-2.00474222179463,0.0377014380949377,-0.389286209884211,-0.399836291820711,-0.532273391321621,0,-0.0744249205618018,-0.798374781207049,1.08259513935403,0.746775570687426,0.0611841843719012,0.970364924379375,0.701897703853652,0.694256173671835,0.601424834323269,1,0.941541035567371,0.435665018384699,0.294105525193736,1,1,1,1,1,1,1,1,1,1,FALSE,FALSE,FALSE,FALSE,FALSE,FALSE,FALSE,FALSE,FALSE,FALSE,TRUE,FALSE,TRUE,TRUE,FALSE,TRUE,TRUE,TRUE,TRUE,TRUE
"2","Genus:Bifidobacterium",4.47579749345421,0.181573865478514,-1.04174345410893,-5.61102705331956,-6.62890198920018,-0.899843969598598,4.97654678772684,4.10454242507553,-5.6170914494529,-1.23630284365804,4.44512510303051,0.527656937748954,0.583224792702092,2.65817303669772,2.78971001804675,0.702171850131644,1.67647117007133,1.99299427747392,1.64317871148587,0.855839852994539,1.00690023108749,0.344113480726946,-1.7861782749024,-2.11085846401114,-2.37619750666469,-1.2815153006061,2.96846547472397,2.05948530383035,-3.41843002844988,-1.44454928025644,0.317605394848055,0.731838629892032,0.0785950585221759,0.0385197702841813,0.0203578771285805,0.204430128019683,0.00414840721236252,0.0433367912445876,0.00107572230087851,0.153245082410876,1,1,1,1,0.773599330886059,1,0.157639474069776,1,0.039801725132505,1,FALSE,FALSE,FALSE,FALSE,FALSE,FALSE,FALSE,FALSE,TRUE,FALSE,TRUE,TRUE,TRUE,TRUE,FALSE,TRUE,TRUE,TRUE,TRUE,TRUE
"3","Genus:Streptococcus",-5.31371133915856,0.603734375265637,2.53458180090694,6.76708326366408,5.719872048044,1.15052481346407,-3.55102178376705,-3.39691666282293,0.71385494555339,-0.251427405027603,4.11882521775287,0.473643735179677,0.682507233198392,2.44582810547259,2.46057005552876,0.704783345798249,1.63643992092127,1.82165747363174,1.24674305583205,0.612483140233533,-1.29010362378465,1.27465926480926,3.71363361092788,2.76678612389914,2.32461255683079,1.63245176027956,-2.16996770756358,-1.86473950893232,0.572575834462522,-0.410505022116587,0.201449672020699,0.206832863932549,0.000418243984158604,0.00731037549571194,0.0231319622277471,0.107275863731582,0.0335592475396178,0.0665984822053176,0.568848417726219,0.682745366855877,1,1,0.0154750274138684,0.277794268837054,0.855882602426643,1,1,1,1,1,FALSE,FALSE,TRUE,FALSE,FALSE,FALSE,FALSE,FALSE,FALSE,FALSE,TRUE,TRUE,TRUE,FALSE,TRUE,TRUE,TRUE,TRUE,TRUE,TRUE
"4","Genus:Escherichia-Shigella",-0.971680213647929,-0.268084101078841,-0.76034528660036,0,0.257119624518839,-0.0915281415888942,2.6815503148652,1.83227314305753,0.658712083554002,-0.42854928304249,5.19859779006048,0.516667851447699,0.511537816100653,3.00578759347147,2.98156757918776,0.712133080434814,2.0727631082041,2.33662098481335,1.22620417067205,0.762847812333679,-0.186911981439638,-0.518871263864533,-1.48639115754201,0,0.0862363899827767,-0.128526737633097,1.2937080480888,0.78415504909278,0.537196087983437,-0.56177559417977,0.852405168433723,0.605895029067874,0.142784422132962,1,0.931586105082415,0.898192620453571,0.201076941063751,0.43625356196079,0.593260366144734,0.576510508312256,1,1,1,1,1,1,1,1,1,1,FALSE,FALSE,FALSE,FALSE,FALSE,FALSE,FALSE,FALSE,FALSE,FALSE,TRUE,TRUE,TRUE,FALSE,FALSE,TRUE,TRUE,TRUE,TRUE,TRUE
"5","Genus:[Ruminococcus]_gnavus_group",-3.40195185120961,2.29087647587571,0.0907450987083203,1.00400584134016,-0.196243102161611,-2.38706152399161,3.74392439882436,4.33356094935468,0.584106101242636,-0.541697907994115,6.76000737032409,0.423636546819537,0.664202575341373,3.82799899452648,3.83296032515644,0.473693902242649,2.61904358801933,2.89018277081939,1.47426411060901,0.650817300968807,-0.50324676658548,5.40764599531019,0.136622623996423,0.262279546775158,-0.0511988347162454,-5.03924900170836,1.42950060699667,1.49940723234126,0.39620180471011,-0.832334830662526,0.618237407069123,6.06704040769095e-06,0.892185034818868,0.794787043407123,0.959485345728306,1.77289409476276e-05,0.162551245849758,0.143570020004999,0.694585780955907,0.411388823805687,1,0.000218413454676874,1,1,1,0.000638241874114594,1,1,1,1,FALSE,TRUE,FALSE,FALSE,FALSE,TRUE,FALSE,FALSE,FALSE,FALSE,TRUE,TRUE,TRUE,TRUE,TRUE,TRUE,TRUE,TRUE,TRUE,TRUE
"6","Genus:Collinsella",13.3700848972637,-1.27504677127491,-1.44337261219104,-10.1966191998649,-8.04859287369637,-2.14868333230853,0.855717057966466,-0.0968250902880802,-8.83627243140501,-0.206144750605873,7.51043310442928,0.314361080817302,0.463577822918447,4.20027819046761,4.19345883737127,0.367382892698337,2.94347927501947,3.21766545717432,1.34719942698861,0.607827156562303,1.7802015824332,-4.05599436151556,-3.11354974468864,-2.42760568169171,-1.91932082460639,-5.84862108446852,0.290716182454115,-0.0300917207139084,-6.5589936088057,-0.339150280437894,0.094038607538318,0.000917482363436754,0.00668731162114362,0.0273709530949434,0.0729591867974731,2.46953487838179e-05,0.775002906389824,0.976366067212664,6.57824077845636e-06,0.738907037659058,1,0.0302752360548348,0.200619348634309,1,1,0.000864337207433626,1,1,0.000249973149581342,1,FALSE,TRUE,FALSE,FALSE,FALSE,TRUE,FALSE,FALSE,TRUE,FALSE,FALSE,FALSE,TRUE,TRUE,TRUE,FALSE,TRUE,FALSE,FALSE,TRUE
"7","Genus:Staphylococcus",-3.13400630482337,-0.294500631328613,1.31759484500896,0,0.308869092743728,0.403708347448259,2.03455573901169,2.07948192645059,-0.918800798380561,0.465714493849068,6.57518596056261,0.347625177839258,0.544101183251203,3.67616393609798,3.68450678912108,0.445697205454744,2.59974614959913,2.82920058689976,1.2444743633634,0.580643847597414,-0.476641470464998,-0.84717865707872,2.42159893337458,0,0.0838291555482266,0.905790618624939,0.782597846841857,0.735006890667052,-0.738304319823309,0.802065665168243,0.636579904307554,0.402651539082876,0.020772508347692,1,0.933669913047706,0.37124031514477,0.439126435473824,0.467231957722405,0.465251618660205,0.427927458547272,1,1,0.560857725387684,1,1,1,1,1,1,1,FALSE,FALSE,FALSE,FALSE,FALSE,FALSE,FALSE,FALSE,FALSE,FALSE,TRUE,FALSE,TRUE,TRUE,TRUE,FALSE,TRUE,TRUE,FALSE,TRUE
"8","Genus:Blautia",1.2601274120411,0.925219282491681,1.00856422995476,-2.44603725004681,-0.307984158950182,-0.222639026952182,-1.25565693936414,-0.0277151710590654,-0.916117349451215,-0.569909607601323,7.41930384058485,0.406883531321164,0.603770175068558,4.21146149510082,4.18928141724476,0.669007459798766,2.931600640806,3.26610369377936,1.56501201970128,0.599043894512048,0.169844427336698,2.27391676307828,1.67044393976604,-0.580804847175328,-0.0735171806989133,-0.332790051428052,-0.428317869046076,-0.00848569845221138,-0.585374002192058,-0.951365355397777,0.866838745758352,0.034140361908691,0.110408121226775,0.567859783819225,0.94212488099306,0.742755847775733,0.672997067005395,0.993313547593677,0.564843440372469,0.352775536126258,1,0.887649409625966,1,1,1,1,1,1,1,1,FALSE,FALSE,FALSE,FALSE,FALSE,FALSE,FALSE,FALSE,FALSE,FALSE,TRUE,FALSE,TRUE,TRUE,TRUE,TRUE,TRUE,TRUE,TRUE,TRUE
"9","Genus:Corynebacterium",2.61893115995781,-0.485051752644572,-1.4261762394116,0,0.163003369128908,-0.615433696891017,0,-0.26614622007324,-1.37537050608534,-0.201947755846808,7.62513105797443,0.216204670731684,0.462877495097031,4.25231901780703,4.2536569592304,0.282698539302345,2.96847706463752,3.24163365806056,1.35684610923909,0.498611126155609,0.343460478258785,-2.24348415324724,-3.08110948256977,0,0.0383207603930523,-2.17699638070225,0,-0.082102497736426,-1.01365254078566,-0.405020556608645,0.735723745001834,0.0393711563701603,0.00715747095660999,1,0.96990600772469,0.0447976929061335,1,0.935583536464038,0.325832847550363,0.69082600316349,1,0.946794157855166,0.20756665774169,1,1,0.89595385812267,1,1,1,1,FALSE,FALSE,FALSE,FALSE,FALSE,FALSE,FALSE,FALSE,FALSE,FALSE,TRUE,TRUE,TRUE,TRUE,TRUE,TRUE,TRUE,TRUE,FALSE,TRUE
"10","Genus:Enterococcus",-5.91307062637713,0.0814086760037835,0.266519521562468,2.31623922320944,3.64096908523819,-0.0803464137186789,2.74334687160266,3.4374252517532,-0.549240585199934,0.804364423473711,4.68259323837114,0.430765591158279,0.594512646224009,2.60404134101234,2.65653162922416,0.647058837979102,1.86598235480424,2.06315729427338,1.07081870071005,0.820783873526003,-1.26277691128987,0.188986023198568,0.448299162776842,0.889478667918915,1.37057245815723,-0.124171727519583,1.47018907469276,1.66609945896724,-0.512916504760084,0.979995403684338,0.211475289587164,0.850731155148206,0.655525635050236,0.377240344698443,0.17553082068575,0.901587581049505,0.146649984778442,0.100821265893266,0.609862280571583,0.330959238255498,1,1,1,1,1,1,1,1,1,1,FALSE,FALSE,FALSE,FALSE,FALSE,FALSE,FALSE,FALSE,FALSE,FALSE,TRUE,TRUE,TRUE,TRUE,TRUE,TRUE,TRUE,TRUE,TRUE,TRUE
"11","Genus:Gemella",2.57965093315722,0.333862209010706,-0.196660205031993,0,-0.133272172622986,0.903606681986511,-2.8585982757036,-2.57220486025093,-0.580045665957522,-0.285364373616368,7.18317333325481,0.18590676807277,0.33957022309009,4.01632840774503,4.02150885905811,0.203972575803762,2.80352525178346,3.06458417293894,1.29782403345306,0.485934679950024,0.359124138243277,1.79585828139415,-0.579144435110902,0,-0.0331398431021235,4.43004006016893,-1.01964420469732,-0.839332423290624,-0.446937066201667,-0.587248421219323,0.72277815450408,0.0856672672003098,0.568121107459765,1,0.973848990498361,0.000192733785502381,0.318503457020404,0.409922397431816,0.659100805748182,0.562758002093433,1,1,1,1,1,0.0061674811360762,1,1,1,1,FALSE,FALSE,FALSE,FALSE,FALSE,TRUE,FALSE,FALSE,FALSE,FALSE,TRUE,TRUE,FALSE,TRUE,TRUE,FALSE,FALSE,FALSE,TRUE,TRUE
"12","Genus:Bacteroides",0.536808215558349,0.659640972473517,-0.540797466806489,0.313018502410147,-0.527225642184019,1.65290920816438,-0.643168146129606,-1.13129087459252,1.69225402712084,-0.880369257351186,6.72569558720421,0.332864583286021,0.505045561186137,3.77473358703899,3.78367003910319,0.461948024202707,2.6577222002865,2.91275885192222,1.30920951746734,0.57122225732046,0.079814527523315,1.98170969696318,-1.07078946607586,0.082924660825054,-0.139342394219181,3.57812810438402,-0.241999764332131,-0.38839153260008,1.29257693634439,-1.54120265110274,0.936897799806443,0.0564388709887083,0.292530487712661,0.934444598636408,0.890080932323111,0.0011614430745036,0.810374146034493,0.700380936161253,0.205709117850837,0.133414597247997,1,1,1,1,1,0.0325204060861008,1,1,1,1,FALSE,FALSE,FALSE,FALSE,FALSE,TRUE,FALSE,FALSE,FALSE,FALSE,TRUE,TRUE,TRUE,TRUE,FALSE,FALSE,TRUE,TRUE,TRUE,TRUE
"13","Genus:Klebsiella",1.47659639054276,-1.94058978666073,-0.201020679090704,0,0.207788865739368,-0.322377488633172,0.333339603080441,1.41783324571745,0.984032974062106,-0.805875855098018,6.54630926008136,0.364366407961044,0.487743476003119,3.77133501364498,3.73770606125403,0.599740457474194,2.65410972731694,2.88059215307739,1.48587530443439,0.580927537393541,0.225561661064025,-5.32592946073176,-0.412144270463638,0,0.0555926181283645,-0.537528333490898,0.125593753585092,0.492202009299636,0.662258112188417,-1.38722267963705,0.822818005475914,5.5320132120772e-06,0.682677637477875,1,0.955973741151677,0.594210149374525,0.900752285045071,0.625564872111646,0.512023424556849,0.173902826652442,1,0.000204684488846856,1,1,1,1,1,1,1,1,FALSE,TRUE,FALSE,FALSE,FALSE,FALSE,FALSE,FALSE,FALSE,FALSE,TRUE,FALSE,TRUE,TRUE,TRUE,TRUE,TRUE,TRUE,TRUE,TRUE
"14","Genus:Rothia",1.25674744431223,0.277495093124577,0.486195034137015,1.66712756990564,0.809422453497358,-0.0508552058315574,-2.07370739279662,-2.14034761175521,-0.857352667019753,-0.269338162728151,6.14797632666809,0.364242280453439,0.479769888690935,3.4870532922181,3.49813822157048,0.708055132438322,2.41079277449251,2.63261447449062,1.35330641633339,0.604144600200957,0.204416441693315,0.761842070555696,1.0133921398519,0.478090648521517,0.231386641187085,-0.0718237938003894,-0.860176542230241,-0.813012171928188,-0.633524423347255,-0.44581737987654,0.839039455630313,0.450514659706696,0.316816192297192,0.635125081800426,0.818165352947067,0.943091364338853,0.394693849342473,0.42090725767139,0.529909688293309,0.658074603434676,1,1,1,1,1,1,1,1,1,1,FALSE,FALSE,FALSE,FALSE,FALSE,FALSE,FALSE,FALSE,FALSE,FALSE,TRUE,TRUE,TRUE,TRUE,TRUE,TRUE,TRUE,TRUE,TRUE,TRUE
"15","Genus:Veillonella",6.20729851607362,-0.993892593773421,-1.54025829217704,-4.15569335746173,-5.33817317621312,1.51522604481391,0,-0.894933346649428,-1.29676524398761,0.843498988244829,5.98467163829514,0.468557579456809,0.583074894012659,3.47395459445107,3.48420093546652,0.490606179622641,2.33560658167822,2.55436888864352,1.51190471599182,0.649090757215303,1.03719951423131,-2.12117493633466,-2.64161312379125,-1.19624285363418,-1.53210830118165,3.08847729145886,0,-0.350353995708378,-0.857703022069697,1.29950854925676,0.305184351751046,0.0394497565772986,0.0113070723649658,0.237866846673992,0.132496473846148,0.00344175282405514,1,0.727707755043863,0.395601684095732,0.200387637133493,1,0.946794157855166,0.316598026219043,1,1,0.0860438206013784,1,1,1,1,FALSE,FALSE,FALSE,FALSE,FALSE,FALSE,FALSE,FALSE,FALSE,FALSE,TRUE,TRUE,TRUE,TRUE,TRUE,TRUE,TRUE,TRUE,TRUE,TRUE
"16","Genus:Erysipelatoclostridium",-5.01211784874554,1.06713486705909,1.35479471493978,3.12451140557772,2.95991637243638,0.480096559312206,0,0.675343478325324,0.497084246384549,0.772201970345866,6.88537057436968,0.328722199770066,0.449962482194701,3.89602946469627,3.90124653431371,0.492430669325364,2.72565559644184,3.00365226867361,1.40344165262206,0.540015037304973,-0.727937268533201,3.24631213774284,3.01090595005109,0.801973248377705,0.758710413813177,0.974952595803879,0,0.22484076647912,0.354189463777026,1.42996382878458,0.472489004604969,0.00294733382006065,0.0053514596345675,0.429091507744681,0.45414848331658,0.337646739535169,1,0.823679941223012,0.725759356108721,0.1634135691524,1,0.0884200146018193,0.165895248671593,1,1,1,1,1,1,1,FALSE,FALSE,FALSE,FALSE,FALSE,FALSE,FALSE,FALSE,FALSE,FALSE,TRUE,FALSE,TRUE,TRUE,TRUE,TRUE,TRUE,TRUE,TRUE,TRUE
"17","Genus:Lacticaseibacillus",0.691013161109685,-0.728520164918368,1.57058213484461,0,0.213713167672907,2.86961010677931,-4.30865472682759,-4.82642693537316,4.1150562484693,1.17724988631304,7.47825920300187,0.294922578695068,0.395248318557069,4.17045840610567,4.17585890561327,0.391956699899432,2.93794534873744,3.20094265807857,1.33798828083261,0.663479935479106,0.0924029432989301,-2.47020817511437,3.97365924434118,0,0.0511782539840198,7.32124264623004,-1.46655373582058,-1.50781424440459,3.07555477683898,1.7743564249052,0.927398562975819,0.0237304931447377,0.000890578037499192,1,0.959747145962219,8.45892308184972e-07,0.159751039876581,0.148953074745512,0.00651849660872042,0.0929197368776856,1,0.640723314907918,0.0311702313124717,1,1,3.21439077110289e-05,1,1,0.234665877913935,1,FALSE,FALSE,TRUE,FALSE,FALSE,TRUE,FALSE,FALSE,FALSE,FALSE,TRUE,TRUE,FALSE,TRUE,TRUE,TRUE,FALSE,FALSE,TRUE,TRUE
"18","Family:Enterobacteriaceae",0.949579172473545,-1.12072287853486,-0.18316440160255,0,-0.727028903045525,0.334215177643331,0.27568668912318,0.82850709031361,-0.799235767083474,0.82243355543985,5.82381905505287,0.476159173468388,0.598243137223971,3.26310811105897,3.30158671975662,0.655896449567153,2.28479760260136,2.56834305840179,1.33453420073287,0.794581793355175,0.163050940198712,-2.35367276528857,-0.306170501934193,0,-0.220205908478793,0.509554790034144,0.120661317575481,0.322584277674015,-0.598887437013278,1.03505210202095,0.871162871422506,0.0227313862620452,0.760798916343125,1,0.826644697235733,0.612698254432016,0.904462973632054,0.748411053382988,0.552064048244395,0.305831255927573,1,0.636478815337266,1,1,1,1,1,1,1,1,FALSE,FALSE,FALSE,FALSE,FALSE,FALSE,FALSE,FALSE,FALSE,FALSE,TRUE,TRUE,TRUE,TRUE,TRUE,TRUE,TRUE,TRUE,TRUE,TRUE
"19","Genus:[Clostridium]_innocuum_group",0.382122671298118,-0.993246291542955,-1.49276789647558,1.44668036497926,1.21085688876276,0.630440465808369,0,-0.112477669785008,0.0498173630904917,1.59368658565823,7.50984046841387,0.183668168765867,0.413146324698924,4.20115639054175,4.20230685261284,0.277311713848228,2.93979686505945,3.20602906298402,1.36648049283655,0.505249092712825,0.0508829279270729,-5.4078303182143,-3.61316997691658,0.344352894892519,0.288140997607039,2.27340005605897,0,-0.0350831722281141,0.0364566953949563,3.15425917363113,0.960011901057783,4.71143469481992e-05,0.00214665505438192,0.734803895058173,0.77672229258661,0.03625873942978,1,0.972422075345286,0.971342883067078,0.00578978662130148,1,0.00164900214318697,0.0708396167946035,1,1,0.79769226745516,1,1,1,0.214222104988155,FALSE,TRUE,FALSE,FALSE,FALSE,FALSE,FALSE,FALSE,FALSE,FALSE,TRUE,FALSE,TRUE,TRUE,TRUE,TRUE,TRUE,TRUE,TRUE,TRUE
"20","Genus:Tyzzerella",3.67876855534456,-0.387959891743139,-1.76411546030286,0.0247986694323283,-2.34670688300946,0.324687276222929,0,-1.02787338227917,0.335988535329652,0.551683653543871,7.36706528616663,0.276842846027484,0.561373204262379,4.12153834904445,4.12384707136323,0.473682473688407,2.90722343917755,3.21396993001651,1.38471685922761,0.541906152644992,0.499353326249504,-1.40137228507116,-3.14250029554018,0.00601684791749607,-0.569057688706605,0.685453429793797,0,-0.319814249871931,0.242640604171646,1.01804279366668,0.622979167946851,0.176430270398585,0.00512553488690011,0.995258891234057,0.575652607808581,0.500926394749778,1,0.752425994681282,0.810754801734225,0.320815526028972,1,1,0.164017116380804,1,1,1,1,1,1,1,FALSE,FALSE,FALSE,FALSE,FALSE,FALSE,FALSE,FALSE,FALSE,FALSE,TRUE,TRUE,FALSE,TRUE,TRUE,FALSE,TRUE,TRUE,TRUE,TRUE
"21","Genus:Clostridium_sensu_stricto_1",0.959048303483599,-1.36553394176957,0.369039184436759,0,-1.23333015951955,1.92665479419607,-1.10301264275733,-0.874891872627766,0.431210982105557,0.781986112608852,6.52833468285216,0.341359392712891,0.443222436120912,3.67174526297076,3.69057799702006,0.512069521949041,2.58887136043317,2.86177358328913,1.31335685513487,0.540448645238451,0.146905505013815,-4.00028231512026,0.832627489859482,0,-0.33418346950407,3.7624867554367,-0.426059270311822,-0.305716663867665,0.328327354762447,1.44692029390476,0.8840495631244,0.000311946815323083,0.410700534103786,1,0.740235360937552,0.000616926462337131,0.672673532987131,0.761631384322969,0.744620439187347,0.156816849937321,1,0.0106061917209848,1,1,1,0.0178908674077768,1,1,1,1,FALSE,TRUE,FALSE,FALSE,FALSE,TRUE,FALSE,FALSE,FALSE,FALSE,TRUE,FALSE,TRUE,TRUE,TRUE,FALSE,TRUE,TRUE,TRUE,TRUE
"22","Order:Lactobacillales",-1.83498019611823,0.025368697684866,1.37625375446651,0,-0.319416133234826,1.35819965708844,0,0.485842790602445,0.168903825862814,1.27396805903521,7.75274714841082,0.181734160635763,0.352762823581667,4.32992823801911,4.32874107528763,0.199061111734528,3.02238591537781,3.2992772285095,1.37092497017804,0.50018232047215,-0.236687739325327,0.139592345193212,3.90135712287692,0,-0.0737896140423695,6.82302859284624,0,0.147257340609092,0.123204281442826,2.5470073748961,0.81658771368823,0.891121560079459,0.00182148890511149,1,0.942301111193641,1.21911102679422e-05,1,0.885188202286628,0.903829761072798,0.0243299480351831,1,1,0.0619306227737906,1,1,0.000451071079913861,1,1,1,0.802888285161041,FALSE,FALSE,FALSE,FALSE,FALSE,TRUE,FALSE,FALSE,FALSE,FALSE,TRUE,TRUE,TRUE,TRUE,TRUE,FALSE,TRUE,TRUE,TRUE,TRUE
"23","Family:Lachnospiraceae",12.4753270284164,1.29940392005775,-1.35666918116686,-5.18775766369322,-5.02977294315589,-1.36556471920178,-4.49731523723563,-5.32259926794274,-3.02518833144523,-2.21705876424163,7.40917701509313,0.354606014003589,0.558666780369307,4.242637599122,4.22330066584168,0.570739038448977,2.94951499345513,3.22290438366393,1.63856574177226,0.602478473023838,1.68376690191139,3.66435951096023,-2.42840496130812,-1.22276709770516,-1.19095781738606,-2.39262539831303,-1.5247643247161,-1.65149152265318,-1.84624165776418,-3.67989706439505,0.108585089677029,0.00164832780262939,0.0252643363641181,0.236368920136666,0.248336638809751,0.0272191578143805,0.143791054027822,0.115069811732059,0.0804959308409473,0.00159099496402041,1,0.0510981618815111,0.656872745467071,1,1,0.626040629730751,1,1,1,0.0604578086327754,FALSE,FALSE,FALSE,FALSE,FALSE,FALSE,FALSE,FALSE,FALSE,FALSE,FALSE,TRUE,TRUE,TRUE,TRUE,TRUE,FALSE,TRUE,TRUE,TRUE
"24","Genus:Parabacteroides",2.52769624379642,0.569619272497794,0.212719711681202,-0.891345171976915,-1.30755532970478,1.61022507329924,-2.18554027885464,-2.95987181924199,-0.991409431789786,-0.628513366259356,7.42554237501851,0.287275061358406,0.455094170295368,4.14212612943561,4.14642670584239,0.365823355334583,2.89696458935925,3.15752951446362,1.33818668853129,0.56266570364399,0.340405604888912,1.98283578743069,0.467419109199181,-0.215190253537346,-0.315345096505001,4.40164644990074,-0.754424229720405,-0.937401156721983,-0.740860330091834,-1.11702803669909,0.737491601790423,0.0628587441137528,0.645808932967058,0.832038369077388,0.756126340998362,0.000344208020016965,0.460351413999588,0.360960637478991,0.468333600356342,0.278671284704821,1,1,1,1,1,0.0106704486205259,1,1,1,1,FALSE,FALSE,FALSE,FALSE,FALSE,TRUE,FALSE,FALSE,FALSE,FALSE,FALSE,TRUE,TRUE,TRUE,FALSE,FALSE,TRUE,TRUE,TRUE,TRUE
"25","Genus:[Ruminococcus]_torques_group",1.00456708934112,-4.37367051931578,0.0867701355948812,0,2.9155217755325,5.44184089806068,NA,-4.62695627378182,-2.9892425753863,0.84764291448439,8.27779675941803,0.134624213237417,0.350122694363664,4.6173749990402,4.61115715922893,0.190709320357279,NA,3.52017741589411,1.43119891147102,0.503410816597232,0.121356819759821,-32.4879931636264,0.247827795774801,0,0.632275516720845,28.5347401368,NA,-1.31440996493257,-2.08862831813776,1.68379956595682,0.914501984943607,0.000946101126713586,0.827389616555433,1,0.591848549247037,0.00122589418828651,1,0.31921197718723,0.171959153174679,0.23425525312568,1,0.0302752360548348,1,1,1,0.0330991430837358,1,1,1,1,FALSE,TRUE,FALSE,FALSE,FALSE,TRUE,FALSE,FALSE,FALSE,FALSE,FALSE,FALSE,TRUE,TRUE,TRUE,FALSE,FALSE,FALSE,TRUE,TRUE
"26","Genus:Enterobacter",-3.07376052343461,-0.0158651550970545,4.31233560592722,0,0.073159514945751,0.932328255997511,-2.22421031435651,-0.612550025221646,0.880502383105867,0.457603819644076,7.36205523874664,0.218648731586745,0.376575803377047,4.1320154649942,4.12620553825027,0.279112234510603,2.87237594027266,3.14174134823705,1.37911753480912,0.528834815156373,-0.417513917480182,-0.0725600143294693,11.451441030611,0,0.0177304582303417,3.34033460637174,-0.774345127729129,-0.194971500618716,0.638453475415881,0.86530577512898,0.680750523743978,0.94287699710081,3.09379640004735e-10,1,0.986029572253737,0.00325986763898498,0.447784699780653,0.847382277676866,0.530422275637925,0.397132017939389,1,1,1.17564263201799e-08,1,1,0.0847565586136094,1,1,1,1,FALSE,FALSE,TRUE,FALSE,FALSE,FALSE,FALSE,FALSE,FALSE,FALSE,TRUE,TRUE,TRUE,TRUE,TRUE,TRUE,TRUE,TRUE,TRUE,TRUE
"27","Genus:Eggerthella",1.98638225595298,0.499751070849923,0.088739140613132,-1.28629602058024,-1.63952078760089,-0.118334206485856,-0.225483833831393,-0.284200800591332,-1.736041974818,0.829203630317403,6.4000244256777,0.250029745055038,0.417124976168278,3.60744217418094,3.62648713168808,0.338197223519733,2.50601291724157,2.74198942606827,1.31013638310467,0.523953676303366,0.3103710429578,1.99876646972509,0.212739935710137,-0.356567329002937,-0.452096127206637,-0.349897037161664,-0.0899771235335805,-0.103647664680767,-1.3250849279554,1.5825895834297,0.758068618880689,0.0532278208522872,0.832729898231724,0.72349720688789,0.653912143156995,0.728454790663733,0.928804143752397,0.918024230231238,0.193492239962209,0.122261968902416,1,1,1,1,1,1,1,1,1,1,FALSE,FALSE,FALSE,FALSE,FALSE,FALSE,FALSE,FALSE,FALSE,FALSE,TRUE,FALSE,TRUE,TRUE,TRUE,TRUE,TRUE,TRUE,TRUE,TRUE
"28","Genus:Clostridioides",-0.597773602125557,-0.25979353556858,-0.200017911631989,0,0.643223383900507,0.604959539862807,0,0.07482107331727,1.31653475580055,1.58953082416868,7.7652891883726,0.221249922181846,0.433066257704871,4.33593792713803,4.33301716569128,0.262694090254094,3.03272761007795,3.30614519367946,1.37531777802447,0.557144243405631,-0.0769802112483637,-1.17420848335962,-0.461864456242856,0,0.148446996470158,2.30290502263547,0,0.022630909695167,0.957258589132495,2.85299694465553,0.939811454013215,0.261373821274754,0.651812454630611,1,0.884267943449044,0.038450990614313,1,0.982288370686593,0.355901310106072,0.013578722093078,1,1,1,1,1,0.807470802900572,1,1,1,0.471222689035657,FALSE,FALSE,FALSE,FALSE,FALSE,FALSE,FALSE,FALSE,FALSE,FALSE,TRUE,TRUE,TRUE,TRUE,TRUE,TRUE,TRUE,TRUE,TRUE,TRUE
"29","Genus:Actinomyces",-0.0356256414470917,0.617152159143045,0.338375857862502,0,-0.564473126111579,0.494094579119388,0,-1.17151280714201,-0.0864075783530791,1.23311609242011,5.88730213626891,0.304120194283062,0.494444948800116,3.31613717064229,3.33263035505055,0.391288895513345,2.3074466064675,2.54337824537644,1.21583415105008,0.611137097315406,-0.00605126773222981,2.02930344891411,0.684354969514096,0,-0.169377658478124,1.26273601112848,0,-0.46061289124875,-0.0710685567422594,2.01774053291304,0.995197983904846,0.0482365795657948,0.497184627909386,1,0.866242264916935,0.213047840651698,1,0.647246607303361,0.943651279942872,0.0494735756507807,1,1,1,1,1,1,1,1,1,1,FALSE,FALSE,FALSE,FALSE,FALSE,FALSE,FALSE,FALSE,FALSE,FALSE,FALSE,TRUE,TRUE,FALSE,FALSE,TRUE,TRUE,TRUE,TRUE,TRUE
"30","Genus:Lachnoclostridium",-2.9273006209527,0.35853652804373,-0.0660798283229307,1.55541083731275,1.21915881268341,2.176399184748,0,-0.358662613334028,2.7014279817419,1.56016855007845,7.16850423033511,0.29805096903151,0.471292765888716,4.01232163760545,4.01333343040807,0.486287592929404,2.81789377903172,3.08636464032398,1.34117267524393,0.578115337758604,-0.408355847593028,1.20293696480425,-0.140209723351735,0.38765856224852,0.303777105447092,4.47553920024433,0,-0.116208761806051,2.01422831795359,2.69871502826294,0.686632978937898,0.240733871199635,0.88966437848575,0.701685543171002,0.763915744897457,0.000157618885639216,1,0.908454025640463,0.0553246683476343,0.0125435793815742,1,1,1,1,1,0.00520142322609414,1,1,1,0.451568857736672,FALSE,FALSE,FALSE,FALSE,FALSE,TRUE,FALSE,FALSE,FALSE,FALSE,TRUE,TRUE,TRUE,TRUE,TRUE,FALSE,TRUE,TRUE,TRUE,TRUE
"31","Genus:Lactobacillus",NA,NA,NA,NA,NA,NA,NA,NA,NA,NA,NA,NA,NA,NA,NA,NA,NA,NA,NA,NA,NA,NA,NA,NA,NA,NA,NA,NA,NA,NA,1,1,1,1,1,1,1,1,1,1,1,1,1,1,1,1,1,1,1,1,FALSE,FALSE,FALSE,FALSE,FALSE,FALSE,FALSE,FALSE,FALSE,FALSE,FALSE,TRUE,TRUE,TRUE,TRUE,TRUE,FALSE,FALSE,TRUE,TRUE
"32","Genus:Flavonifractor",3.46057121509705,-2.29340041080376,0.375081771943934,-2.77196442769784,-2.05452550063435,1.51913807930349,0,-0.733341402890124,-1.02938425723647,0.242258573619889,7.46272012610372,0.197539913988871,0.373024971370896,4.16426333289717,4.17165523158088,0.278232019327243,2.90945401777051,3.17637280400054,1.33538888455744,0.573563327273725,0.463714457546436,-11.6098076813629,1.00551384151436,-0.665655412759241,-0.492496475998515,5.45996856500098,0,-0.230873845150199,-0.770849801986795,0.422374587251592,0.648410728615998,8.5762008562397e-10,0.327976143659898,0.514071855266999,0.628321800751494,3.46903663613505e-05,1,0.820016654511142,0.450796517492647,0.677753930207817,1,3.25895632537109e-08,1,1,1,0.00117947245628592,1,1,1,1,FALSE,TRUE,FALSE,FALSE,FALSE,TRUE,FALSE,FALSE,FALSE,FALSE,TRUE,FALSE,TRUE,TRUE,TRUE,FALSE,TRUE,TRUE,TRUE,TRUE
"33","Genus:Serratia",NA,NA,NA,NA,NA,NA,NA,NA,NA,NA,NA,NA,NA,NA,NA,NA,NA,NA,NA,NA,NA,NA,NA,NA,NA,NA,NA,NA,NA,NA,1,1,1,1,1,1,1,1,1,1,1,1,1,1,1,1,1,1,1,1,FALSE,FALSE,FALSE,FALSE,FALSE,FALSE,FALSE,FALSE,FALSE,FALSE,TRUE,TRUE,TRUE,TRUE,TRUE,TRUE,TRUE,TRUE,TRUE,TRUE
"34","Genus:Atopobium",-0.614955078372516,0.85175052207561,3.10561550777836,0,2.22044455869582,-1.82215609858918,-0.944020721292035,-0.553666851186425,0.323495251462251,-2.11524351413731,8.13818444093478,0.157272892641182,0.339890093421963,4.54103911979978,4.53553672790395,0.175833683127266,3.17139507410336,3.45887216921282,1.41371372178957,0.505404432660147,-0.0755641608808119,5.41574907011392,9.13711687360902,0,0.48956599668458,-10.3629524570121,-0.297667335426172,-0.160071498482822,0.228826562603318,-4.18524923298343,0.943394195165309,0.00563289360705272,0.000796172090126042,1,0.650075478516092,0.000489470604321816,0.780776971744249,0.88058295346743,0.830226845870874,0.0138594908539899,1,0.163353914604529,0.0286621952445375,1,1,0.0146841181296545,1,1,1,0.471222689035657,FALSE,FALSE,TRUE,FALSE,FALSE,TRUE,FALSE,FALSE,FALSE,FALSE,FALSE,TRUE,FALSE,TRUE,TRUE,FALSE,FALSE,FALSE,TRUE,TRUE
"35","Genus:Cutibacterium",NA,NA,NA,NA,NA,NA,NA,NA,NA,NA,NA,NA,NA,NA,NA,NA,NA,NA,NA,NA,NA,NA,NA,NA,NA,NA,NA,NA,NA,NA,1,1,1,1,1,1,1,1,1,1,1,1,1,1,1,1,1,1,1,1,FALSE,FALSE,FALSE,FALSE,FALSE,FALSE,FALSE,FALSE,FALSE,FALSE,TRUE,TRUE,TRUE,TRUE,TRUE,TRUE,TRUE,TRUE,FALSE,TRUE
"36","Genus:Bilophila",0.0827383034574136,-0.0876904992182758,0.940154868824438,0,-0.640754459939727,0.857754537158211,0.528958324298042,-0.888802719237543,0.87871273919682,-0.825392769428883,8.13752647288834,0.126939410115757,0.334764883004431,4.53979274250739,4.53526767053712,0.179244806920757,3.17082177081843,3.45865239948678,1.41290898099186,0.494954794744204,0.0101675003741089,-0.690805945437353,2.80840349915673,0,-0.141282611410638,4.78538012840404,0.166820579184276,-0.256979486972854,0.62191744197136,-1.66761243287976,0.99237453894879,0.527684038082388,0.0483955087805778,1,0.894476387167156,0.0087410448528491,0.875604691327294,0.80987186235225,0.567689477536769,0.170719047127198,1,1,1,1,1,0.209785076468378,1,1,1,1,FALSE,FALSE,FALSE,FALSE,FALSE,FALSE,FALSE,FALSE,FALSE,FALSE,TRUE,TRUE,TRUE,TRUE,TRUE,TRUE,TRUE,TRUE,TRUE,TRUE
"37","Family:Ruminococcaceae",NA,NA,NA,NA,NA,NA,NA,NA,NA,NA,NA,NA,NA,NA,NA,NA,NA,NA,NA,NA,NA,NA,NA,NA,NA,NA,NA,NA,NA,NA,1,1,1,1,1,1,1,1,1,1,1,1,1,1,1,1,1,1,1,1,FALSE,FALSE,FALSE,FALSE,FALSE,FALSE,FALSE,FALSE,FALSE,FALSE,TRUE,FALSE,TRUE,TRUE,TRUE,TRUE,TRUE,TRUE,FALSE,TRUE
"38","Genus:Finegoldia",NA,NA,NA,NA,NA,NA,NA,NA,NA,NA,NA,NA,NA,NA,NA,NA,NA,NA,NA,NA,NA,NA,NA,NA,NA,NA,NA,NA,NA,NA,1,1,1,1,1,1,1,1,1,1,1,1,1,1,1,1,1,1,1,1,FALSE,FALSE,FALSE,FALSE,FALSE,FALSE,FALSE,FALSE,FALSE,FALSE,TRUE,TRUE,TRUE,TRUE,TRUE,TRUE,TRUE,TRUE,TRUE,TRUE
