"","MMturquoise","MMyellow","MMblue","MMbrown"
"Acetoanaerobium",0.480296240388698,-0.31677909335346,0.159715080900042,0.48333411953394
"Acetobacteroides",-0.0160856644181329,-0.0885041747252229,0.582301051936412,0.868031510920326
"Acidibacter",0.145091749610831,-0.754441247228643,0.172451530732582,0.0911269399499976
"Acidovorax",0.623944525685174,-0.246134251615642,-0.127072031699608,0.291759045237983
"Acinetobacter",0.593094013868579,-0.400254728996651,-0.325288928723053,-0.07676777206472
"Actinobacillus",-0.203981319873579,-0.0360300014151611,0.582225576678145,0.325987074862022
"Actinomyces",-0.394084626633332,0.666644653049672,-0.0382376527194679,-0.22488796641351
"Aeromonas",0.663040709467428,-0.452728902306713,-0.208113590263692,0.0909759894334638
"Agathobacter",0.250172177932921,-0.220887777725364,0.307288079626397,0.558375395065805
"Aggregatibacter",-0.246775791310911,-0.0172743997358366,0.825425727628662,0.508297561205717
"Akkermansia",0.569658946176706,-0.330383508656069,-0.256512099627341,0.145204962498231
"Alistipes",0.12527949431577,-0.110618425397424,0.345780461342516,0.462672767583377
"Alloprevotella",-0.518618802773716,0.515901693476107,0.1351856219633,-0.220793433652531
"Allorhizobium.Neorhizobium.Pararhizobium.Rhizobium",0.135544129440068,-0.20339638662201,0.324307750365583,0.420048115477145
"Anaerococcus",-0.0408604179442427,-0.113844992688334,0.605396480966083,0.396462097268739
"Anaerosinus",0.772498702768998,-0.371045804047361,-0.143676588518326,0.290777866880513
"Aquaspirillum",0.408707957922544,-0.285022878437662,0.213510071229775,0.572847775838483
"Arcobacter",0.814538421623662,-0.185508750412755,-0.408651351478843,-0.0212557196094155
"Atopobium",-0.231680739657531,0.410575970564649,0.197660266993726,0.0500683994528044
"Bacteroides",0.643077503655833,-0.422595405443653,-0.282777489504222,0.0967687155054484
"Bergeyella",-0.307703193546865,0.507108825888014,0.0597481013255342,-0.103448275862069
"Bifidobacterium",0.207849426859758,-0.198056512099627,-0.178980140572669,-0.147563564319072
"Blautia",0.352101514222369,-0.335478088589084,-0.0296900797207415,0.236794188405113
"Brachymonas",-0.0597481013255342,-0.0585404971932638,0.641756686636162,0.512807207887164
"Bradyrhizobium",0.124807773951601,-0.701080239633945,0.145808764564366,0.263550167460729
"Brevundimonas",0.169960847209774,-0.149261757630077,0.32115665833294,0.545469125902165
"Burkholderia.Caballeronia.Paraburkholderia",0.242134062927497,-0.757252700599085,0.00900985895561111,-0.0843530355205434
"C39",0.218246143686023,-0.268663616208312,0.361554790320298,0.597131940185858
"Campylobacter",-0.471258078211236,0.377989527807916,0.566130477852729,0.401443464314354
"Candidatus_Competibacter",0.746667295627152,-0.292117552714751,-0.163545450257088,0.348705127600358
"Candidatus_Obscuribacter",0.0550875041275532,-0.183263361479315,0.493145903108637,0.707344686070098
"Capnocytophaga",-0.153526109722157,0.0146705033256286,0.532808151327893,0.507599415066748
"Catenibacterium",0.114958252747771,-0.275135619604698,0.47146563517147,0.697853672343035
"Caulobacter",-0.091579791499599,-0.114184631350535,0.634265767253172,0.556016793244964
"Cetobacterium",0.0234256332845889,-0.222416151705269,0.560092457191377,0.715835652625124
"Christensenellaceae_R.7_group",0.575432803434124,-0.314118590499552,-0.0597858389546677,0.433407236190386
"Chryseobacterium",0.177432897778197,-0.295815840369829,0.361064201141563,0.481635926222935
"Cloacibacillus",0.631020331147696,-0.312043020897212,-0.0628803245436105,0.505542714278975
"Cloacibacterium",0.636039435822444,-0.48978725411576,-0.0799566017264965,0.31338270673145
"Clostridium_sensu_stricto_1",0.049200433982735,-0.179678286711637,0.52314731826973,0.520354733713854
"Collinsella",0.47780555686589,-0.373423274682768,-0.0157271569413652,0.259134864852116
"Comamonas",0.630661823670928,-0.376536629086278,-0.0513514788433417,0.366781451955281
"Conchiformibius",0.213094957309307,-0.324628520213218,0.369743855842257,0.706363507712628
"Coprococcus",0.531392990235388,-0.346157837633851,0.0935610170291051,0.491617529128732
"Corynebacterium",0.0351620359450917,-0.473390254257276,-0.0368790980706637,-0.0890136327185245
"Cutibacterium",0.347365441766121,-0.700099061276475,-0.0408415491296759,-0.0260861361384971
"Desulfovibrio",0.451615642247276,-0.233020425491768,0.104221897259305,0.536959290532572
"Dialister",0.350346714467664,-0.253342138780131,0.115033728006038,0.497429124015284
"Dolosigranulum",-0.0753148733430822,-0.275380914194066,0.0672767583376574,0.0956177178168782
"Dorea",0.500051889240059,-0.313986508797585,0.125638001792537,0.337327232416623
"Enhydrobacter",0.548959856597009,-0.485183263361479,-0.0827114486532384,0.160394358224445
"Enterobacter",0.111033539317892,-0.0303504882305769,0.435935657342327,0.755686588990047
"Enterococcus",0.361611396763998,-0.39132977970659,0.0600500023586018,0.289438181046276
"Erysipelatoclostridium",0.235888485305911,-0.208906080475494,0.304589839143356,0.580734940327374
"Erysipelotrichaceae_UCG.003",0.25075711118449,-0.298438605594604,0.339327326760696,0.711759988678711
"Escherichia.Shigella",0.154073305344592,0.0200481154771451,9.43440728336242e-06,-0.0163120901929336
"Faecalibacterium",0.652927024859663,-0.298476343223737,-0.201603849238172,0.177281947261663
"Finegoldia",-0.0351054295013916,-0.329100429265531,0.536997028161706,0.482390678805604
"Flavobacterium",0.64522854851644,-0.291494881834049,0.00534930892966649,0.365762535968678
"Fusicatenibacter",0.112127930562762,-0.09946695598849,0.447105995565829,0.641926505967263
"Fusobacterium",-0.30041983112411,0.533166658804661,-0.0834662012359074,-0.24851172225105
"Gemella",-0.431992075097882,0.653889334402566,-0.116316807396575,-0.29096655502618
"Haemophilus",-0.31366573894995,0.369177791405255,0.477390442945422,0.268852304353979
"Holdemanella",0.508731543940752,-0.345101184018114,-0.047898485777631,0.458031039199962
"Hydrogenophaga",0.316382848247559,-0.307684324732299,0.287117316854569,0.618302750129723
"Kingella",-0.365007783386009,0.0614462946365395,0.820802868059814,0.56663993584603
"Klebsiella",0.285702155762064,-0.160356620595311,-0.0861078352752488,-0.0915043162413321
"Kocuria",-0.168243785084202,-0.226755979055616,0.563375630925987,0.598018774470494
"Lachnoanaerobaculum",-0.414538421623661,0.448955139393368,0.342025567243738,0.0554271427897542
"Lachnoclostridium",0.197169677814991,-0.129147601301948,0.384386055946035,0.448634369545733
"Lachnospira",0.0832020378319732,-0.255285626680504,0.489919335817727,0.808311712816642
"Lachnospiraceae_NK3A20_group",0.0554837492334544,-0.178149912731733,0.506259729232511,0.809424972876079
"Lactobacillus",0.0341431199584886,-0.0823152035473371,0.0922779376385679,0.415746025755932
"Lactococcus",0.293891221284023,-0.197018727298457,0.171489221189679,0.618057455540356
"Lacunisphaera",0.0569743855842257,-0.0808434360111326,0.524770036322468,0.515429973111939
"Laribacter",0.118807490919383,-0.11041086843719,0.503919996226237,0.432180763243549
"Lawsonella",0.0984857776310203,-0.194094061040615,0.482145384216237,0.443426576725317
"Legionella",-0.0601254776168687,-0.234416717769706,0.503108637199868,0.487372045851219
"Leptotrichia",-0.0549742912401528,0.305325722911458,-0.168092834567668,-0.128109816500778
"Ligilactobacillus",-0.0438039530166517,0.0413887447521109,0.444653049672154,0.571753384593613
"Macellibacteroides",0.668550403320911,-0.339761309495731,-0.15345063446389,0.303740742487853
"Megamonas",0.228907023916222,-0.173206283315251,0.347120147176754,0.582150101419878
"Megasphaera",-0.0970328789093825,0.0331619416010189,0.445577621585924,0.35900750035379
"Methanobrevibacter",0.600962309542903,-0.458068776829096,-0.371592999669796,0.0074814849757064
"Methanosaeta",0.434897872541158,-0.296721543469032,0.112052455304495,0.494145950280674
"Methylobacterium.Methylorubrum",0.114354450681636,-0.523486956931931,0.345384216236615,0.342251993018539
"Microbacterium",0.222925609698571,-0.206924854945988,0.320515118637672,0.70687296570593
"Monoglobus",0.196358318788622,-0.2863625642719,0.332610028774942,0.651719420727393
"Moraxella",-0.271097693287419,-0.132430775036558,0.451125053068541,0.0674277088541912
"Mycobacterium",0.280871739232983,-0.656380017925374,-0.133147789990094,-0.0973159111278834
"NK4A214_group",0.105750271239209,-0.191792065663475,0.502580310392,0.649190999575452
"Neisseria",-0.334779942450116,0.425671022218029,0.121713288362659,-0.286438039530166
"Nesterenkonia",-0.00327373932732676,-0.316797962168027,0.457955563941695,0.355516769658946
"Nevskia",0.104221897259305,-0.694778055568659,0.241964243596396,0.195697910278787
"Oceanivirga",-0.200471720364168,0.0170668427756026,0.740006604085098,0.476994197839521
"Oribacterium",-0.333610075946979,0.0757111184489834,0.715967734327091,0.574621444407755
"Paludibacter",0.0338978253691212,-0.174470493891221,0.516769658946177,0.864257748006982
"Parabacteroides",0.260059436765885,-0.201358554648804,0.292683617151752,0.633511014670503
"Paracoccus",0.174753526109722,-0.337798952780792,0.403802066135195,0.422312373225152
"Parvimonas",-0.3081937827256,0.135638473512902,0.831878862210482,0.430897683853012
"Peptococcus",-0.35249775932827,0.116618708429643,0.833878956554554,0.491240152837398
"Peptoniphilus",-0.0163309590075004,-0.123166187084296,0.534732770413699,0.634058210292938
"Peptostreptococcus",-0.22811453370442,0.0862210481626492,0.756837586678617,0.44974762960517
"Phascolarctobacterium",0.534128968347564,-0.223586018208406,0.0326336147931506,0.472258125383273
"Phreatobacter",-0.252059059389594,-0.251059012217557,0.742667106939007,0.490391056181895
"Porphyromonas",-0.400179253738384,0.646115382801075,-0.0785980470776923,-0.323685079484881
"Prevotella",-0.458710316524364,0.463370913722345,0.0160667956035662,-0.188791924147365
"Prevotella_7",-0.411689230624086,0.614868625878579,-0.0693334591254304,-0.277022501061371
"Prevotella_9",0.302514269541016,-0.181716118684844,0.115165809708005,0.450483513373272
"Propionivibrio",0.23686966366338,-0.24977593282702,0.319609415538469,0.825331383555828
"Proteiniclasticum",0.0260295296947969,-0.116430020283976,0.550978819755649,0.775498844285108
"Proteocatella",0.532185480447191,-0.281758573517619,0.0235765838011227,0.434369545733289
"Pseudarcobacter",0.237360252842115,-0.0966932402471815,0.333421387801311,0.651492994952592
"Pseudomonas",0.484522854851644,-0.46691825086089,-0.19447143733195,0.0835794141233077
"Rikenellaceae_RC9_gut_group",0.516109250436341,-0.445558752771357,-0.19781121751026,0.252794943157696
"Romboutsia",-0.0257276286617293,-0.259474503514317,0.567111656210199,0.45516297938582
"Rothia",-0.290211802443511,0.559564130383509,-0.177923486956932,-0.130959007500354
"Ruminococcus",0.521656681918958,-0.437369687249399,0.108995707344686,0.554073305344592
"Runella",0.0258597103636964,-0.166828623991698,0.590112741167036,0.60426435209208
"Saccharofermentans",0.110316524364357,-0.213642152931742,0.436520590593896,0.840218878248974
"Scardovia",-0.0952214727109769,-0.0898815981885938,0.615529034388415,0.472258125383273
"Sebaldella",0.18605594603519,-0.221567055049767,0.40751922260484,0.679399971696778
"Selenomonas",-0.328987216378131,0.0741827444690787,0.806783338836738,0.591584508703241
"Senegalimassilia",-0.0349167413557243,-0.0624274729940092,0.552941176470588,0.796084720977405
"Solobacterium",-0.434463889806123,0.284834190291995,0.548129628756073,0.345195528090948
"Sphingomonas",-0.203886975800745,-0.186527666399358,0.738874475211095,0.567753195905467
"Staphylococcus",0.00876456436624369,-0.0935987546582386,-0.200886834284636,-0.0623142601066088
"Stenotrophomonas",0.077522524647389,-0.265682343506769,0.405198358413133,0.595905467239021
"Stomatobaculum",-0.426501250058965,0.292098683900184,0.604754941270815,0.349893862918062
"Streptobacillus",-0.432275107316383,0.439973583659607,0.473126090853342,0.180263219963206
"Streptococcus",-0.262097268739091,0.422802962403887,0.183187886221048,0.063672814755413
"Subdoligranulum",0.555375253549696,-0.468201330251427,0.0395018632954385,0.342195386574838
"Succinivibrio",0.199132034529931,-0.252172272276994,0.412802490683523,0.742459549978773
"TM7a",0.275909241001934,-0.203415255436577,0.289721213264777,0.521845370064626
"TM7x",-0.287155054483702,0.21722722769942,0.438577291381669,0.318005566300297
"Thauera",0.0754469550450493,-0.126015378083872,0.419161281192509,0.836369640077362
"Tolumonas",0.531468465493655,-0.28215481862352,0.0395584697391386,0.507618283881315
"Treponema",0.16231897731025,-0.133317609321194,0.390197650832586,0.553412896834756
"Trichococcus",0.569923109580641,-0.295438464078494,-0.062918062172744,0.474371432614746
"UCG.005",0.362045379499033,-0.275890372187367,0.0874286522949196,0.400575498844285
"Uruburuella",0.252304353978961,-0.247096561158545,0.272399641492523,0.83667154111043
"Veillonella",-0.518090475965847,0.690381621774612,-0.181867069201377,-0.366894664842681
"Zoogloea",0.172621350063682,-0.176866833341195,0.419859427331478,0.537506486155007
"X.Eubacterium._hallii_group",-0.0129911788291901,-0.054276145101184,0.56986650313694,0.566941836879098
"X.Ruminococcus._gnavus_group",0.0748808906080475,-0.272041134015755,0.365120996273409,0.283343553941224
"X.Ruminococcus._torques_group",0.38159347139016,-0.245738006509741,0.0463323741685929,0.427784329449502
"dgA.11_gut_group",0.447275814896929,-0.318005566300297,0.0752205292702486,0.576961177414029
