"","p.MMturquoise","p.MMyellow","p.MMblue","p.MMbrown"
"Acetoanaerobium",2.87013578796599e-06,0.00296218971967371,0.141857056242832,2.43140426293454e-06
"Acetobacteroides",0.883132842070482,0.417747250190153,4.0776890571887e-09,2.85905023153665e-27
"Acidibacter",0.182564077438666,4.98307213781121e-17,0.112338744691346,0.404028268494044
"Acidovorax",1.38144990997487e-10,0.0223468735918267,0.243652004934143,0.00641765162243199
"Acinetobacter",1.77586766121361e-09,0.000134311019305206,0.00224285377513236,0.482345406145153
"Actinobacillus",0.0595889542375595,0.741894075799008,4.10102518045176e-09,0.00219147546620691
"Actinomyces",0.00017386868290655,2.44358829651894e-12,0.726683659054165,0.0373649534527756
"Aeromonas",3.52306967151406e-12,1.20540621905826e-05,0.0545008040423864,0.404810594104042
"Agathobacter",0.020172459540191,0.0409759783030676,0.00400265637696909,2.32018662731181e-08
"Aggregatibacter",0.0219885867181019,0.874564129989615,1.44531839825885e-22,5.84619390679546e-07
"Akkermansia",1.03967711032213e-08,0.00189155848742364,0.017124567658721,0.18221930242454
"Alistipes",0.250420585720761,0.310612432379701,0.00111051055186296,7.28664322478899e-06
"Alloprevotella",3.13509333499136e-07,3.70135238312519e-07,0.214598014414752,0.0410645302700342
"Allorhizobium.Neorhizobium.Pararhizobium.Rhizobium",0.213373434943022,0.0603394931122481,0.00231689318845351,5.66692709349127e-05
"Anaerococcus",0.708750164862954,0.296622384684183,6.6274625801204e-10,0.000157500737960402
"Anaerosinus",3.02825473771389e-18,0.000436425706549204,0.186913904293916,0.00660644017324298
"Aquaspirillum",9.35232855989223e-05,0.00781567184178917,0.0483974727042652,8.24107005864624e-09
"Arcobacter",1.44515923047757e-21,0.0872583579934727,9.37532659724231e-05,0.845976271987323
"Atopobium",0.0318430993588209,8.62210237148312e-05,0.0681148472035826,0.647090239893796
"Bacteroides",2.44958882576239e-11,5.05122902973683e-05,0.00833785811327118,0.375430525884924
"Bergeyella",0.0039510943686688,6.27297563321806e-07,0.584748551184315,0.343206868281952
"Bifidobacterium",0.0548150574801241,0.0675529341039909,0.099178582357008,0.175143984883722
"Blautia",0.000885396284565907,0.00159067227446344,0.786110078113457,0.0281545371948455
"Brachymonas",0.584748551184315,0.592374862369255,2.77105966982012e-11,4.4640232759411e-07
"Bradyrhizobium",0.252223014633675,5.64152537676266e-14,0.180388508593585,0.0142138327233758
"Brevundimonas",0.11770156619542,0.170175869139255,0.00256977130470756,5.60686692363978e-08
"Burkholderia.Caballeronia.Paraburkholderia",0.0246952067648786,3.27422702634712e-17,0.934381912469779,0.440002645243355
"C39",0.0435162854502276,0.0123775297637339,0.000625430681150578,1.29092819785909e-09
"Campylobacter",4.65817010833479e-06,0.000333063421824377,1.34066532282497e-08,0.000127720212125773
"Candidatus_Competibacter",1.54639281099866e-16,0.00634986957058601,0.13242302324707,0.00100058297111078
"Candidatus_Obscuribacter",0.614424517246358,0.0912228529269307,1.40730406149013e-06,2.68181596483762e-14
"Capnocytophaga",0.158158835353081,0.89335114515464,1.28614542233287e-07,6.09338898461451e-07
"Catenibacterium",0.291893002646604,0.0103517359871377,4.60736307359239e-06,8.2131982401808e-14
"Caulobacter",0.401686629507842,0.295174217123082,5.5148583662236e-11,2.73381055656018e-08
"Cetobacterium",0.830476203960641,0.0395634315484505,2.05734426040837e-08,9.48230842292368e-15
"Christensenellaceae_R.7_group",6.81372554276057e-09,0.00322613696319252,0.584510953053774,3.0681311378822e-05
"Chryseobacterium",0.10218258463717,0.00568671697712659,0.000636982499281728,2.66818526742013e-06
"Cloacibacillus",7.38805776744447e-11,0.00344646020564245,0.565179813422229,6.88037435573053e-07
"Cloacibacterium",4.69351205030723e-11,1.70022194608219e-06,0.464284763802675,0.00330276607948626
"Clostridium_sensu_stricto_1",0.652809870924999,0.0978459816706292,2.36953971798012e-07,2.81741484887185e-07
"Collinsella",3.28441517812233e-06,0.000398119054035923,0.885719741042575,0.0159848397905235
"Comamonas",7.62900798513219e-11,0.000352618056472367,0.63867257714297,0.000513704683343955
"Conchiformibius",0.0488460181921789,0.00229244967289835,0.000458807194068753,3.01697403867549e-14
"Coprococcus",1.4082554345861e-07,0.00109573542840622,0.391536384255945,1.53413745363065e-06
"Corynebacterium",0.74790183711611,4.16043591684483e-06,0.736031823206363,0.415061527624073
"Cutibacterium",0.00104964663443078,6.3274377146996e-14,0.708878632033644,0.811560388801235
"Desulfovibrio",1.27404620448345e-05,0.0308394422403811,0.339590331241222,9.83325784048684e-08
"Dialister",0.000943308977513807,0.0185949202819224,0.291574177841778,1.10252996455775e-06
"Dolosigranulum",0.490696863579937,0.0102810206160416,0.538246114417955,0.381162868251697
"Dorea",9.47917632720843e-07,0.00323977264401834,0.249056660407551,0.00149264854020145
"Enhydrobacter",4.43271415756124e-08,2.19616167956947e-06,0.448984572084567,0.140148051243383
"Enterobacter",0.30878896075913,0.781469790796039,2.72375641602815e-05,4.14010224782246e-17
"Enterococcus",0.00062411016766922,0.000194792531402609,0.582849002351838,0.00687212130914462
"Erysipelatoclostridium",0.0287801742280747,0.053566887971397,0.00435267949960327,4.58891991721697e-09
"Erysipelotrichaceae_UCG.003",0.0198730256075682,0.00525434920691095,0.00139280309572306,1.56915024189605e-14
"Escherichia.Shigella",0.156663709833727,0.854628217004014,0.999931213721739,0.881499639749218
"Faecalibacterium",9.58113773896177e-12,0.00524834697382998,0.0626875759260844,0.102479424174426
"Finegoldia",0.748294174810468,0.00197501307788573,9.80912558020672e-08,2.56038585103615e-06
"Flavobacterium",2.00134273056398e-11,0.00646800454406771,0.961013427505764,0.000533934342300577
"Fusicatenibacter",0.304015009849682,0.362198878572604,1.59132834274798e-05,2.72756453025788e-11
"Fusobacterium",0.00494733695994662,1.25684674738979e-07,0.444842321271348,0.0210436146457095
"Gemella",3.27819586934289e-05,8.72532939447334e-12,0.286189328093798,0.00656975841121117
"Haemophilus",0.00327310277510247,0.000468862347060211,3.35871164102494e-06,0.0123139133334318
"Holdemanella",5.69734808605668e-07,0.00113756235112777,0.661426938666133,9.23466414680655e-06
"Hydrogenophaga",0.00300023260328762,0.00395342518482338,0.0073547503297057,2.25009304944508e-10
"Kingella",0.00054938632912431,0.574100584534248,3.91564475494744e-22,1.29257855181202e-08
"Klebsiella",0.00766347446376425,0.140242586031038,0.430514236329615,0.402076346295369
"Kocuria",0.121512067749707,0.0357720738352242,1.63169047919605e-08,1.20288592876182e-09
"Lachnoanaerobaculum",7.24482808562208e-05,1.45320021648818e-05,0.00126768810145872,0.612240015242555
"Lachnoclostridium",0.0688157717061833,0.235973679920451,0.000258263398186809,1.47632687425394e-05
"Lachnospira",0.44628966874967,0.0176811228217209,1.68769016107834e-06,5.04407560518667e-21
"Lachnospiraceae_NK3A20_group",0.61187625975669,0.100781763166778,6.59569007750114e-07,4.04750894590431e-21
"Lactobacillus",0.75497363390321,0.451167828120485,0.398092313788669,6.86758838224496e-05
"Lactococcus",0.00602374889703167,0.0690326078367175,0.114387862267119,2.29782224382351e-10
"Lacunisphaera",0.602331398083757,0.459328503455167,2.14123256072014e-07,3.80904245597132e-07
"Laribacter",0.275925835345179,0.311526779846917,7.56817150848368e-07,3.24943224291652e-05
"Lawsonella",0.366976819834558,0.0733436749121525,2.59496215493929e-06,1.90348072269859e-05
"Legionella",0.582374557241995,0.029821893748548,7.93597911647457e-07,1.94544932430792e-06
"Leptotrichia",0.615153432970865,0.00425461398197837,0.121851535097285,0.239791566458725
"Ligilactobacillus",0.688810951522095,0.705156398826467,1.7935714731821e-05,8.92767004887764e-09
"Macellibacteroides",2.0096344109052e-12,0.00137195367070718,0.158365889491856,0.00446832813605008
"Megamonas",0.0340086932597276,0.110751574491933,0.00105886333500077,4.12448886310157e-09
"Megasphaera",0.374122323095265,0.761802634861829,1.7146723667909e-05,0.000687562996851681
"Methanobrevibacter",9.50009024260864e-10,9.21702161500341e-06,0.000427321298920322,0.945494179881837
"Methanosaeta",2.8604899723032e-05,0.00553397441615085,0.304342693832504,1.32974421697098e-06
"Methylobacterium.Methylorubrum",0.294451880374803,2.31992326447028e-07,0.00112621890242982,0.00125766703273356
"Microbacterium",0.0391016978105666,0.0559266494250921,0.0026241944279044,2.83819955717168e-14
"Monoglobus",0.0699877551376143,0.00751801178087877,0.00175425679160459,1.07697206679825e-11
"Moraxella",0.0115784338618356,0.224174144930937,1.30544205950874e-05,0.537332708332729
"Mycobacterium",0.00880485263217607,6.83796101070303e-12,0.221653334259804,0.372723754323214
"NK4A214_group",0.332516301107158,0.0768868144723554,8.1845000641489e-07,1.37342379075327e-11
"Neisseria",0.00162916921044959,4.39086857209514e-05,0.264267059686098,0.00750154327171875
"Nesterenkonia",0.976134657050635,0.00296038898231254,9.27004428302176e-06,0.000781866484384064
"Nevskia",0.339590331241222,1.16951558488747e-13,0.0247993778879897,0.07095352489427
"Oceanivirga",0.0642084285428187,0.87605924254379,3.95137953976078e-16,3.431104695189e-06
"Oribacterium",0.00169556872195542,0.488411652244579,9.32741348610319e-15,7.2341381198131e-09
"Paludibacter",0.756679144911735,0.108132086819651,3.51069741183282e-07,8.61890546085758e-27
"Parabacteroides",0.0155989847495857,0.0630145870275309,0.00624413293479831,5.90474441340421e-11
"Paracoccus",0.107552285594623,0.00146853361127438,0.000115520318351166,5.11642859854076e-05
"Parvimonas",0.00389092165352232,0.213052001962938,3.42002305354597e-23,3.44976255453103e-05
"Peptococcus",0.000872775574091321,0.284931955692061,2.16083965262538e-23,1.56707516984772e-06
"Peptoniphilus",0.881363561793145,0.258564596060267,1.1361301006949e-07,5.61954020636131e-11
"Peptostreptococcus",0.0346496764547383,0.429906112474352,3.48492817485877e-17,1.39750967260112e-05
"Phascolarctobacterium",1.1813049702361e-07,0.0385098509856969,0.76548738595369,4.41812660000089e-06
"Phreatobacter",0.0192201952452145,0.0197199755408702,2.7258830259355e-16,1.64364158847908e-06
"Porphyromonas",0.000134739924708712,1.84048484806338e-11,0.471933690603075,0.00236501248576974
"Prevotella",8.92189375381564e-06,7.02945125926797e-06,0.88326896438326,0.081708695615734
"Prevotella_7",8.21244909076404e-05,3.01376753859202e-10,0.525867154420977,0.00981854671348197
"Prevotella_9",0.00464020294555162,0.0940364793282998,0.29101678773232,1.34759233248429e-05
"Propionivibrio",0.0281029243311362,0.0203774911787994,0.00270278854462186,1.4754470843191e-22
"Proteiniclasticum",0.811961771305418,0.285717382752604,3.86467100061984e-08,1.85471515008387e-18
"Proteocatella",1.33858035125749e-07,0.00858475795531727,0.829400272233191,2.93253557180768e-05
"Pseudarcobacter",0.0277693888465703,0.375804807156761,0.00170650431245967,1.10078287967893e-11
"Pseudomonas",2.27759807464015e-06,5.84917370733674e-06,0.0727755485384378,0.444222835227701
"Rikenellaceae_RC9_gut_group",3.65488834239656e-07,1.71624956944174e-05,0.0679003416792053,0.0188594111223574
"Romboutsia",0.814103295203838,0.0158421502026867,1.24952412469604e-08,1.06721507770392e-05
"Rothia",0.00671757277707116,2.13503457085859e-08,0.10122249491063,0.229411330167032
"Ruminococcus",2.59944882121112e-07,2.54483527854092e-05,0.317807368202837,3.12651801796319e-08
"Runella",0.813166209608501,0.124723222574186,2.24106681239422e-09,7.26946600438348e-10
"Saccharofermentans",0.311942967892114,0.0482554681456018,2.6494023276668e-05,4.83753607622807e-24
"Scardovia",0.383148441758903,0.410509005381638,2.84985698692097e-10,4.41812660000089e-06
"Sebaldella",0.0863132184463917,0.0403430832021546,9.84644403342165e-05,6.42122843124901e-13
"Selenomonas",0.00198253372091843,0.497257011683654,6.80784647976985e-21,1.99848341436084e-09
"Senegalimassilia",0.749602428936213,0.567989820082878,3.37945537775617e-08,5.16765011048365e-20
"Solobacterium",2.91954733839574e-05,0.00785841803563328,4.68863802371178e-08,0.00113376973087619
"Sphingomonas",0.0597094918769995,0.0855049763314036,4.62135291158711e-16,1.1931605744546e-08
"Staphylococcus",0.93616457299497,0.39134454222206,0.0636473460664306,0.5686933460184
"Stenotrophomonas",0.478037123755499,0.0134212750035661,0.000108816003096774,1.42290237405069e-09
"Stomatobaculum",4.22692407694498e-05,0.00635342121170364,6.98427367516456e-10,0.000958803197610803
"Streptobacillus",3.2351388709015e-05,2.24769512908013e-05,4.21926689352241e-06,0.09674032989606
"Streptococcus",0.0147768433311177,5.00390832796193e-05,0.0913585430748306,0.560278153428539
"Subdoligranulum",2.85793120505556e-08,5.47017284255263e-06,0.718020391453216,0.00126016554429756
"Succinivibrio",0.0660466011362607,0.0191643073887734,7.8209198754871e-05,2.80644992018457e-16
"TM7a",0.0101301430931713,0.0603151626419877,0.00681521905088963,2.56921886154017e-07
"TM7x",0.00734666987708469,0.0445304090380164,2.40274156438504e-05,0.00284716187001632
"Thauera",0.489934500001252,0.247626468671984,5.89717539007108e-05,1.20941040725663e-23
"Tolumonas",1.40147418395181e-07,0.00848798895390492,0.717633305938944,6.08657992046389e-07
"Treponema",0.135390341249042,0.221059232810651,0.000204046260646644,3.27178347487376e-08
"Trichococcus",1.01995110552789e-08,0.00575145387494462,0.56494594275274,3.94860855644891e-06
"UCG.005",0.00061407053926767,0.0101354980558694,0.423450010933305,0.000132502223936288
"Uruburuella",0.0190992812401969,0.0218112911725691,0.0111697558658677,1.12651152568423e-23
"Veillonella",3.23832920185616e-07,1.92361813319282e-13,0.0937590067746063,0.000511500794042274
"Zoogloea",0.111980104761342,0.103299207248313,5.71520430459076e-05,9.48879865902219e-08
"X.Eubacterium._hallii_group",0.905499324797632,0.619656638318397,1.02414780767404e-08,1.26486369709478e-08
"X.Ruminococcus._gnavus_group",0.49320617452596,0.0112810156489704,0.000547042753196632,0.00820340486382071
"X.Ruminococcus._torques_group",0.000288779647225024,0.022570649099277,0.671850974786587,3.98473344253966e-05
"dgA.11_gut_group",1.57814830977629e-05,0.00284716187001632,0.491241792093687,6.08431224801548e-09
