,Anaerosinus,Bradyrhizobium,Dolosigranulum,Faecalibacterium,Methanosaeta,TM7x,RSV
BQLHLP100ANF,2.0,0.0,0.0,0.0,0.0,0.0,1
BQLHLP101ANF,0.0,0.0,0.0,0.0,0.0,0.0,1
BQLHLP102ANF,0.0,0.0,2.807354922057604,0.0,0.0,0.0,1
BQLHLP103ANF,0.0,0.0,2.0,0.0,1.0,2.0,1
BQLHLP104ANF,0.0,0.0,1.584962500721156,0.0,0.0,0.0,1
BQLHLP105ANF,5.0,0.0,1.584962500721156,4.523561956057013,3.584962500721156,1.0,1
BQLHLP106ANF,0.0,0.0,0.0,0.0,0.0,0.0,1
BQLHLP107ANF,0.0,0.0,0.0,0.0,0.0,0.0,1
BQLHLP108ANF,2.584962500721156,0.0,1.0,2.0,0.0,0.0,1
BQLHLP109ANF,2.321928094887362,0.0,2.584962500721156,0.0,1.584962500721156,0.0,1
BQLHLP110ANF,0.0,0.0,0.0,2.321928094887362,0.0,0.0,1
BQLHLP111ANF,0.0,0.0,2.0,0.0,0.0,0.0,1
BQLHLP112ANF,0.0,0.0,0.0,0.0,0.0,1.584962500721156,1
BQLHLP113ANF,1.0,0.0,2.584962500721156,1.584962500721156,0.0,0.0,1
BQLHLP114ANF,0.0,0.0,1.0,0.0,0.0,3.584962500721156,1
BQLHLP115ANF,0.0,1.584962500721156,0.0,0.0,0.0,0.0,1
BQLHLP116ANF,0.0,0.0,0.0,0.0,0.0,0.0,1
BQLHLP117ANF,0.0,0.0,0.0,0.0,1.0,0.0,1
BQLHLP118ANF,2.321928094887362,3.584962500721156,0.0,3.4594316186372973,0.0,0.0,1
BQLHLP66ANF,2.584962500721156,0.0,4.643856189774724,2.0,0.0,0.0,1
BQLHLP67ANF,0.0,1.584962500721156,0.0,0.0,0.0,0.0,0
BQLHLP68ANF,0.0,0.0,0.0,1.0,0.0,2.321928094887362,0
BQLHLP69ANF,0.0,0.0,0.0,0.0,0.0,0.0,0
BQLHLP70ANF,2.0,0.0,3.584962500721156,2.321928094887362,2.0,0.0,1
BQLHLP71ANF,2.321928094887362,0.0,0.0,0.0,0.0,0.0,1
BQLHLP72ANF,0.0,0.0,0.0,0.0,0.0,0.0,0
BQLHLP73ANF,0.0,0.0,0.0,0.0,0.0,0.0,0
BQLHLP74ANF,0.0,0.0,0.0,0.0,0.0,0.0,0
BQLHLP75ANF,0.0,0.0,0.0,0.0,0.0,0.0,0
BQLHLP76ANF,1.0,0.0,0.0,0.0,0.0,0.0,0
BQLHLP77ANF,0.0,0.0,0.0,0.0,0.0,0.0,1
BQLHLP78ANF,0.0,0.0,7.787902559391432,0.0,0.0,0.0,1
BQLHLP79ANF,0.0,0.0,7.651051691178929,0.0,0.0,5.169925001442312,0
BQLHLP80ANF,0.0,0.0,0.0,0.0,0.0,0.0,1
BQLHLP81ANF,0.0,0.0,0.0,0.0,0.0,4.392317422778761,1
BQLHLP82ANF,0.0,0.0,2.584962500721156,0.0,0.0,0.0,1
BQLHLP83ANF,0.0,0.0,0.0,0.0,0.0,0.0,1
BQLHLP84ANF,8.066089190457772,2.807354922057604,0.0,2.807354922057604,1.0,0.0,1
BQLHLP85ANF,0.0,0.0,0.0,0.0,0.0,0.0,0
BQLHLP86ANF,0.0,0.0,3.584962500721156,0.0,0.0,0.0,1
BQLHLP87ANF,0.0,0.0,0.0,1.0,0.0,0.0,1
BQLHLP88ANF,0.0,0.0,5.247927513443585,2.0,0.0,0.0,1
BQLHLP89ANF,0.0,0.0,0.0,0.0,0.0,4.087462841250339,0
BQLHLP90ANF,0.0,0.0,2.807354922057604,0.0,0.0,0.0,1
BQLHLP91ANF,0.0,0.0,0.0,0.0,0.0,0.0,0
BQLHLP92ANF,3.4594316186372973,0.0,0.0,4.807354922057604,1.0,2.0,1
BQLHLP93ANF,2.584962500721156,0.0,2.321928094887362,2.321928094887362,2.0,5.906890595608519,1
BQLHLP94ANF,4.954196310386875,0.0,0.0,4.857980995127572,3.700439718141092,0.0,1
BQLHLP95ANF,0.0,0.0,0.0,0.0,0.0,0.0,1
BQLHLP96ANF,0.0,0.0,0.0,0.0,0.0,0.0,1
BQLHLP97ANF,2.321928094887362,0.0,0.0,1.584962500721156,2.321928094887362,0.0,1
BQLHLP98ANF,0.0,0.0,0.0,0.0,0.0,0.0,1
BQLHLP99ANF,0.0,0.0,0.0,0.0,0.0,0.0,0
BQLHSO100ANF,5.426264754702098,2.584962500721156,7.285402218862249,6.066089190457772,5.285402218862249,2.321928094887362,1
BQLHSO101ANF,6.6865005271832185,2.584962500721156,0.0,6.129283016944966,4.807354922057604,3.807354922057604,1
BQLHSO102ANF,2.0,2.584962500721156,0.0,3.321928094887362,1.0,0.0,1
BQLHSO76ANF,0.0,0.0,6.794415866350106,1.0,0.0,0.0,0
BQLHSO77ANF,0.0,0.0,4.643856189774724,0.0,0.0,0.0,1
BQLHSO78ANF,0.0,2.321928094887362,2.321928094887362,0.0,0.0,0.0,1
BQLHSO79ANF,0.0,2.0,4.169925001442312,0.0,1.0,0.0,1
BQLHSO80ANF,0.0,1.0,0.0,0.0,1.0,0.0,1
BQLHSO81ANF,0.0,3.321928094887362,0.0,1.584962500721156,0.0,0.0,1
BQLHSO82ANF,0.0,0.0,0.0,0.0,0.0,0.0,0
BQLHSO83ANF,0.0,0.0,0.0,0.0,0.0,0.0,1
BQLHSO84ANF,0.0,3.0,8.483815777264256,0.0,0.0,0.0,1
BQLHSO85ANF,0.0,0.0,9.622051819456376,0.0,1.584962500721156,0.0,1
BQLHSO86ANF,0.0,0.0,5.044394119358453,0.0,0.0,0.0,1
BQLHSO87ANF,0.0,2.807354922057604,7.562242424221073,0.0,0.0,0.0,1
BQLHSO88ANF,0.0,6.169925001442312,0.0,0.0,0.0,2.321928094887362,1
BQLHSO89ANF,0.0,0.0,0.0,0.0,0.0,0.0,1
BQLHSO90ANF,0.0,0.0,0.0,0.0,0.0,0.0,1
BQLHSO91ANF,0.0,0.0,0.0,0.0,0.0,0.0,1
BQLHSO92ANF,0.0,3.584962500721156,0.0,0.0,0.0,0.0,1
BQLHSO93ANF,0.0,4.906890595608519,11.7402023887679,0.0,0.0,0.0,1
BQLHSO94ANF,0.0,5.087462841250339,11.568906154502084,0.0,0.0,0.0,1
BQLHSO95ANF,0.0,4.087462841250339,0.0,0.0,0.0,0.0,1
BQLHSO96ANF,0.0,3.4594316186372973,6.768184324776926,0.0,0.0,0.0,1
BQLHSO97ANF,0.0,0.0,1.0,0.0,0.0,0.0,1
BQLHSO98ANF,0.0,3.4594316186372973,9.784634845557521,0.0,0.0,1.0,1
BQLHSO99ANF,0.0,0.0,0.0,0.0,0.0,0.0,1
